Frequency(Hz),Transmission Loss(dB),Phase(deg),Rs,SWR,Xs,|Z|,Theta
100000000,-21.58,80.76,0.0,0.00,0.0,0.0,0.0
100086206,-23.17,89.03,0.0,0.00,0.0,0.0,0.0
100172412,-23.17,89.03,0.0,0.00,0.0,0.0,0.0
100258618,-23.17,89.21,0.0,0.00,0.0,0.0,0.0
100344824,-23.17,89.21,0.0,0.00,0.0,0.0,0.0
100431030,-23.17,89.38,0.0,0.00,0.0,0.0,0.0
100517236,-23.17,89.38,0.0,0.00,0.0,0.0,0.0
100603442,-23.17,89.38,0.0,0.00,0.0,0.0,0.0
100689648,-23.17,89.56,0.0,0.00,0.0,0.0,0.0
100775854,-23.17,89.56,0.0,0.00,0.0,0.0,0.0
100862060,-23.17,89.74,0.0,0.00,0.0,0.0,0.0
100948266,-23.17,89.74,0.0,0.00,0.0,0.0,0.0
101034472,-23.17,89.91,0.0,0.00,0.0,0.0,0.0
101120678,-23.17,89.91,0.0,0.00,0.0,0.0,0.0
101206884,-23.17,89.91,0.0,0.00,0.0,0.0,0.0
101293090,-23.17,90.09,0.0,0.00,0.0,0.0,0.0
101379296,-23.17,90.09,0.0,0.00,0.0,0.0,0.0
101465502,-23.17,90.26,0.0,0.00,0.0,0.0,0.0
101551708,-23.17,90.26,0.0,0.00,0.0,0.0,0.0
101637914,-23.17,90.44,0.0,0.00,0.0,0.0,0.0
101724120,-23.17,90.44,0.0,0.00,0.0,0.0,0.0
101810326,-23.17,90.44,0.0,0.00,0.0,0.0,0.0
101896532,-23.17,90.62,0.0,0.00,0.0,0.0,0.0
101982738,-23.17,90.62,0.0,0.00,0.0,0.0,0.0
102068944,-23.17,90.79,0.0,0.00,0.0,0.0,0.0
102155150,-23.17,90.79,0.0,0.00,0.0,0.0,0.0
102241356,-23.17,90.97,0.0,0.00,0.0,0.0,0.0
102327562,-23.17,90.97,0.0,0.00,0.0,0.0,0.0
102413768,-23.17,91.14,0.0,0.00,0.0,0.0,0.0
102499974,-23.17,91.14,0.0,0.00,0.0,0.0,0.0
102586180,-23.17,91.32,0.0,0.00,0.0,0.0,0.0
102672386,-23.17,91.32,0.0,0.00,0.0,0.0,0.0
102758592,-23.17,91.32,0.0,0.00,0.0,0.0,0.0
102844798,-23.17,91.50,0.0,0.00,0.0,0.0,0.0
102931004,-23.17,91.50,0.0,0.00,0.0,0.0,0.0
103017210,-23.17,91.67,0.0,0.00,0.0,0.0,0.0
103103416,-23.17,91.67,0.0,0.00,0.0,0.0,0.0
103189622,-23.17,91.85,0.0,0.00,0.0,0.0,0.0
103275828,-23.17,91.85,0.0,0.00,0.0,0.0,0.0
103362034,-23.17,91.85,0.0,0.00,0.0,0.0,0.0
103448240,-23.17,92.02,0.0,0.00,0.0,0.0,0.0
103534446,-23.17,92.02,0.0,0.00,0.0,0.0,0.0
103620652,-23.17,92.20,0.0,0.00,0.0,0.0,0.0
103706858,-23.17,92.20,0.0,0.00,0.0,0.0,0.0
103793064,-23.17,92.38,0.0,0.00,0.0,0.0,0.0
103879270,-23.23,92.38,0.0,0.00,0.0,0.0,0.0
103965476,-23.17,92.38,0.0,0.00,0.0,0.0,0.0
104051682,-23.17,92.55,0.0,0.00,0.0,0.0,0.0
104137888,-23.17,92.55,0.0,0.00,0.0,0.0,0.0
104224094,-23.17,92.73,0.0,0.00,0.0,0.0,0.0
104310300,-23.17,92.73,0.0,0.00,0.0,0.0,0.0
104396506,-23.17,92.90,0.0,0.00,0.0,0.0,0.0
104482712,-23.17,92.90,0.0,0.00,0.0,0.0,0.0
104568918,-23.17,92.90,0.0,0.00,0.0,0.0,0.0
104655124,-23.17,93.08,0.0,0.00,0.0,0.0,0.0
104741330,-23.17,93.08,0.0,0.00,0.0,0.0,0.0
104827536,-23.17,93.26,0.0,0.00,0.0,0.0,0.0
104913742,-23.11,93.26,0.0,0.00,0.0,0.0,0.0
104999948,-23.11,93.43,0.0,0.00,0.0,0.0,0.0
105086154,-23.11,93.43,0.0,0.00,0.0,0.0,0.0
105172360,-23.11,93.61,0.0,0.00,0.0,0.0,0.0
105258566,-23.11,93.61,0.0,0.00,0.0,0.0,0.0
105344772,-23.11,93.78,0.0,0.00,0.0,0.0,0.0
105430978,-23.11,93.78,0.0,0.00,0.0,0.0,0.0
105517184,-23.11,93.78,0.0,0.00,0.0,0.0,0.0
105603390,-23.11,93.96,0.0,0.00,0.0,0.0,0.0
105689596,-23.17,93.96,0.0,0.00,0.0,0.0,0.0
105775802,-23.11,94.13,0.0,0.00,0.0,0.0,0.0
105862008,-23.17,94.13,0.0,0.00,0.0,0.0,0.0
105948214,-23.11,94.13,0.0,0.00,0.0,0.0,0.0
106034420,-23.17,94.31,0.0,0.00,0.0,0.0,0.0
106120626,-23.11,94.31,0.0,0.00,0.0,0.0,0.0
106206832,-23.11,94.49,0.0,0.00,0.0,0.0,0.0
106293038,-23.11,94.49,0.0,0.00,0.0,0.0,0.0
106379244,-23.11,94.66,0.0,0.00,0.0,0.0,0.0
106465450,-23.17,94.66,0.0,0.00,0.0,0.0,0.0
106551656,-23.11,94.84,0.0,0.00,0.0,0.0,0.0
106637862,-23.11,94.84,0.0,0.00,0.0,0.0,0.0
106724068,-23.11,95.01,0.0,0.00,0.0,0.0,0.0
106810274,-23.11,95.01,0.0,0.00,0.0,0.0,0.0
106896480,-23.11,95.01,0.0,0.00,0.0,0.0,0.0
106982686,-23.17,95.19,0.0,0.00,0.0,0.0,0.0
107068892,-23.11,95.19,0.0,0.00,0.0,0.0,0.0
107155098,-23.11,95.37,0.0,0.00,0.0,0.0,0.0
107241304,-23.11,95.37,0.0,0.00,0.0,0.0,0.0
107327510,-23.11,95.54,0.0,0.00,0.0,0.0,0.0
107413716,-23.11,95.54,0.0,0.00,0.0,0.0,0.0
107499922,-23.11,95.54,0.0,0.00,0.0,0.0,0.0
107586128,-23.11,95.72,0.0,0.00,0.0,0.0,0.0
107672334,-23.11,95.72,0.0,0.00,0.0,0.0,0.0
107758540,-23.11,95.89,0.0,0.00,0.0,0.0,0.0
107844746,-23.11,95.89,0.0,0.00,0.0,0.0,0.0
107930952,-23.11,96.07,0.0,0.00,0.0,0.0,0.0
108017158,-23.11,96.07,0.0,0.00,0.0,0.0,0.0
108103364,-23.11,96.25,0.0,0.00,0.0,0.0,0.0
108189570,-23.11,96.25,0.0,0.00,0.0,0.0,0.0
108275776,-23.11,96.25,0.0,0.00,0.0,0.0,0.0
108361982,-23.11,96.42,0.0,0.00,0.0,0.0,0.0
108448188,-23.11,96.42,0.0,0.00,0.0,0.0,0.0
108534394,-23.11,96.60,0.0,0.00,0.0,0.0,0.0
108620600,-23.11,96.60,0.0,0.00,0.0,0.0,0.0
108706806,-23.11,96.77,0.0,0.00,0.0,0.0,0.0
108793012,-23.11,96.77,0.0,0.00,0.0,0.0,0.0
108879218,-23.11,96.95,0.0,0.00,0.0,0.0,0.0
108965424,-23.11,96.95,0.0,0.00,0.0,0.0,0.0
109051630,-23.11,96.95,0.0,0.00,0.0,0.0,0.0
109137836,-23.11,97.13,0.0,0.00,0.0,0.0,0.0
109224042,-23.11,97.13,0.0,0.00,0.0,0.0,0.0
109310248,-23.11,97.30,0.0,0.00,0.0,0.0,0.0
109396454,-23.11,97.30,0.0,0.00,0.0,0.0,0.0
109482660,-23.11,97.48,0.0,0.00,0.0,0.0,0.0
109568866,-23.11,97.48,0.0,0.00,0.0,0.0,0.0
109655072,-23.11,97.65,0.0,0.00,0.0,0.0,0.0
109741278,-23.11,97.65,0.0,0.00,0.0,0.0,0.0
109827484,-23.11,97.83,0.0,0.00,0.0,0.0,0.0
109913690,-23.11,97.83,0.0,0.00,0.0,0.0,0.0
109999896,-23.11,97.83,0.0,0.00,0.0,0.0,0.0
110086102,-23.11,98.01,0.0,0.00,0.0,0.0,0.0
110172308,-23.11,98.01,0.0,0.00,0.0,0.0,0.0
110258514,-23.11,98.18,0.0,0.00,0.0,0.0,0.0
110344720,-23.11,98.18,0.0,0.00,0.0,0.0,0.0
110430926,-23.11,98.36,0.0,0.00,0.0,0.0,0.0
110517132,-23.11,98.36,0.0,0.00,0.0,0.0,0.0
110603338,-23.11,98.36,0.0,0.00,0.0,0.0,0.0
110689544,-23.11,98.53,0.0,0.00,0.0,0.0,0.0
110775750,-23.11,98.53,0.0,0.00,0.0,0.0,0.0
110861956,-23.11,98.71,0.0,0.00,0.0,0.0,0.0
110948162,-23.11,98.71,0.0,0.00,0.0,0.0,0.0
111034368,-23.11,98.89,0.0,0.00,0.0,0.0,0.0
111120574,-23.11,98.89,0.0,0.00,0.0,0.0,0.0
111206780,-23.11,98.89,0.0,0.00,0.0,0.0,0.0
111292986,-23.11,99.06,0.0,0.00,0.0,0.0,0.0
111379192,-23.11,99.06,0.0,0.00,0.0,0.0,0.0
111465398,-23.11,99.24,0.0,0.00,0.0,0.0,0.0
111551604,-23.11,99.24,0.0,0.00,0.0,0.0,0.0
111637810,-23.11,99.41,0.0,0.00,0.0,0.0,0.0
111724016,-23.11,99.41,0.0,0.00,0.0,0.0,0.0
111810222,-23.11,99.59,0.0,0.00,0.0,0.0,0.0
111896428,-23.11,99.59,0.0,0.00,0.0,0.0,0.0
111982634,-23.11,99.77,0.0,0.00,0.0,0.0,0.0
112068840,-23.11,99.77,0.0,0.00,0.0,0.0,0.0
112155046,-23.11,99.77,0.0,0.00,0.0,0.0,0.0
112241252,-23.11,99.94,0.0,0.00,0.0,0.0,0.0
112327458,-23.11,99.94,0.0,0.00,0.0,0.0,0.0
112413664,-23.11,99.94,0.0,0.00,0.0,0.0,0.0
112499870,-23.11,100.12,0.0,0.00,0.0,0.0,0.0
112586076,-23.11,100.12,0.0,0.00,0.0,0.0,0.0
112672282,-23.11,100.29,0.0,0.00,0.0,0.0,0.0
112758488,-23.11,100.29,0.0,0.00,0.0,0.0,0.0
112844694,-23.11,100.47,0.0,0.00,0.0,0.0,0.0
112930900,-23.11,100.47,0.0,0.00,0.0,0.0,0.0
113017106,-23.11,100.65,0.0,0.00,0.0,0.0,0.0
113103312,-23.11,100.65,0.0,0.00,0.0,0.0,0.0
113189518,-23.11,100.82,0.0,0.00,0.0,0.0,0.0
113275724,-23.11,100.82,0.0,0.00,0.0,0.0,0.0
113361930,-23.11,101.00,0.0,0.00,0.0,0.0,0.0
113448136,-23.11,101.00,0.0,0.00,0.0,0.0,0.0
113534342,-23.11,101.00,0.0,0.00,0.0,0.0,0.0
113620548,-23.11,101.17,0.0,0.00,0.0,0.0,0.0
113706754,-23.11,101.17,0.0,0.00,0.0,0.0,0.0
113792960,-23.11,101.35,0.0,0.00,0.0,0.0,0.0
113879166,-23.11,101.35,0.0,0.00,0.0,0.0,0.0
113965372,-23.11,101.52,0.0,0.00,0.0,0.0,0.0
114051578,-23.11,101.52,0.0,0.00,0.0,0.0,0.0
114137784,-23.11,101.70,0.0,0.00,0.0,0.0,0.0
114223990,-23.11,101.70,0.0,0.00,0.0,0.0,0.0
114310196,-23.11,101.70,0.0,0.00,0.0,0.0,0.0
114396402,-23.11,101.88,0.0,0.00,0.0,0.0,0.0
114482608,-23.11,101.88,0.0,0.00,0.0,0.0,0.0
114568814,-23.11,102.05,0.0,0.00,0.0,0.0,0.0
114655020,-23.11,102.05,0.0,0.00,0.0,0.0,0.0
114741226,-23.11,102.23,0.0,0.00,0.0,0.0,0.0
114827432,-23.11,102.23,0.0,0.00,0.0,0.0,0.0
114913638,-23.11,102.23,0.0,0.00,0.0,0.0,0.0
114999844,-23.11,102.40,0.0,0.00,0.0,0.0,0.0
115086050,-23.11,102.40,0.0,0.00,0.0,0.0,0.0
115172256,-23.11,102.58,0.0,0.00,0.0,0.0,0.0
115258462,-23.11,102.58,0.0,0.00,0.0,0.0,0.0
115344668,-23.11,102.76,0.0,0.00,0.0,0.0,0.0
115430874,-23.11,102.76,0.0,0.00,0.0,0.0,0.0
115517080,-23.11,102.76,0.0,0.00,0.0,0.0,0.0
115603286,-23.11,102.93,0.0,0.00,0.0,0.0,0.0
115689492,-23.11,102.93,0.0,0.00,0.0,0.0,0.0
115775698,-23.11,103.11,0.0,0.00,0.0,0.0,0.0
115861904,-23.11,103.11,0.0,0.00,0.0,0.0,0.0
115948110,-23.11,103.28,0.0,0.00,0.0,0.0,0.0
116034316,-23.11,103.28,0.0,0.00,0.0,0.0,0.0
116120522,-23.11,103.46,0.0,0.00,0.0,0.0,0.0
116206728,-23.11,103.46,0.0,0.00,0.0,0.0,0.0
116292934,-23.11,103.46,0.0,0.00,0.0,0.0,0.0
116379140,-23.11,103.64,0.0,0.00,0.0,0.0,0.0
116465346,-23.11,103.64,0.0,0.00,0.0,0.0,0.0
116551552,-23.11,103.81,0.0,0.00,0.0,0.0,0.0
116637758,-23.11,103.81,0.0,0.00,0.0,0.0,0.0
116723964,-23.11,103.99,0.0,0.00,0.0,0.0,0.0
116810170,-23.11,103.99,0.0,0.00,0.0,0.0,0.0
116896376,-23.11,104.16,0.0,0.00,0.0,0.0,0.0
116982582,-23.11,104.16,0.0,0.00,0.0,0.0,0.0
117068788,-23.11,104.34,0.0,0.00,0.0,0.0,0.0
117154994,-23.11,104.34,0.0,0.00,0.0,0.0,0.0
117241200,-23.11,104.34,0.0,0.00,0.0,0.0,0.0
117327406,-23.11,104.52,0.0,0.00,0.0,0.0,0.0
117413612,-23.11,104.52,0.0,0.00,0.0,0.0,0.0
117499818,-23.11,104.69,0.0,0.00,0.0,0.0,0.0
117586024,-23.11,104.69,0.0,0.00,0.0,0.0,0.0
117672230,-23.11,104.87,0.0,0.00,0.0,0.0,0.0
117758436,-23.11,104.87,0.0,0.00,0.0,0.0,0.0
117844642,-23.11,104.87,0.0,0.00,0.0,0.0,0.0
117930848,-23.11,105.04,0.0,0.00,0.0,0.0,0.0
118017054,-23.11,105.04,0.0,0.00,0.0,0.0,0.0
118103260,-23.11,105.22,0.0,0.00,0.0,0.0,0.0
118189466,-23.11,105.22,0.0,0.00,0.0,0.0,0.0
118275672,-23.05,105.40,0.0,0.00,0.0,0.0,0.0
118361878,-23.11,105.40,0.0,0.00,0.0,0.0,0.0
118448084,-23.11,105.57,0.0,0.00,0.0,0.0,0.0
118534290,-23.11,105.57,0.0,0.00,0.0,0.0,0.0
118620496,-23.11,105.57,0.0,0.00,0.0,0.0,0.0
118706702,-23.11,105.75,0.0,0.00,0.0,0.0,0.0
118792908,-23.11,105.75,0.0,0.00,0.0,0.0,0.0
118879114,-23.11,105.92,0.0,0.00,0.0,0.0,0.0
118965320,-23.11,105.92,0.0,0.00,0.0,0.0,0.0
119051526,-23.05,106.10,0.0,0.00,0.0,0.0,0.0
119137732,-23.11,106.10,0.0,0.00,0.0,0.0,0.0
119223938,-22.99,106.28,0.0,0.00,0.0,0.0,0.0
119310144,-23.05,106.28,0.0,0.00,0.0,0.0,0.0
119396350,-23.05,106.28,0.0,0.00,0.0,0.0,0.0
119482556,-23.11,106.45,0.0,0.00,0.0,0.0,0.0
119568762,-23.05,106.45,0.0,0.00,0.0,0.0,0.0
119654968,-23.05,106.63,0.0,0.00,0.0,0.0,0.0
119741174,-23.11,106.63,0.0,0.00,0.0,0.0,0.0
119827380,-23.05,106.80,0.0,0.00,0.0,0.0,0.0
119913586,-23.05,106.80,0.0,0.00,0.0,0.0,0.0
119999792,-23.11,106.98,0.0,0.00,0.0,0.0,0.0
120085998,-23.11,106.98,0.0,0.00,0.0,0.0,0.0
120172204,-23.05,106.98,0.0,0.00,0.0,0.0,0.0
120258410,-23.05,107.16,0.0,0.00,0.0,0.0,0.0
120344616,-23.11,107.16,0.0,0.00,0.0,0.0,0.0
120430822,-23.05,107.33,0.0,0.00,0.0,0.0,0.0
120517028,-23.05,107.33,0.0,0.00,0.0,0.0,0.0
120603234,-23.05,107.51,0.0,0.00,0.0,0.0,0.0
120689440,-22.99,107.51,0.0,0.00,0.0,0.0,0.0
120775646,-22.99,107.68,0.0,0.00,0.0,0.0,0.0
120861852,-22.99,107.68,0.0,0.00,0.0,0.0,0.0
120948058,-22.99,107.68,0.0,0.00,0.0,0.0,0.0
121034264,-23.05,107.86,0.0,0.00,0.0,0.0,0.0
121120470,-23.05,107.86,0.0,0.00,0.0,0.0,0.0
121206676,-23.05,108.04,0.0,0.00,0.0,0.0,0.0
121292882,-23.05,108.04,0.0,0.00,0.0,0.0,0.0
121379088,-23.05,108.21,0.0,0.00,0.0,0.0,0.0
121465294,-23.05,108.21,0.0,0.00,0.0,0.0,0.0
121551500,-23.05,108.21,0.0,0.00,0.0,0.0,0.0
121637706,-23.05,108.39,0.0,0.00,0.0,0.0,0.0
121723912,-22.99,108.39,0.0,0.00,0.0,0.0,0.0
121810118,-23.05,108.56,0.0,0.00,0.0,0.0,0.0
121896324,-23.05,108.56,0.0,0.00,0.0,0.0,0.0
121982530,-23.05,108.74,0.0,0.00,0.0,0.0,0.0
122068736,-22.99,108.74,0.0,0.00,0.0,0.0,0.0
122154942,-23.05,108.91,0.0,0.00,0.0,0.0,0.0
122241148,-23.05,108.91,0.0,0.00,0.0,0.0,0.0
122327354,-23.05,109.09,0.0,0.00,0.0,0.0,0.0
122413560,-23.05,109.09,0.0,0.00,0.0,0.0,0.0
122499766,-22.99,109.09,0.0,0.00,0.0,0.0,0.0
122585972,-23.05,109.27,0.0,0.00,0.0,0.0,0.0
122672178,-23.05,109.27,0.0,0.00,0.0,0.0,0.0
122758384,-23.05,109.44,0.0,0.00,0.0,0.0,0.0
122844590,-23.05,109.44,0.0,0.00,0.0,0.0,0.0
122930796,-23.05,109.62,0.0,0.00,0.0,0.0,0.0
123017002,-23.05,109.62,0.0,0.00,0.0,0.0,0.0
123103208,-23.05,109.79,0.0,0.00,0.0,0.0,0.0
123189414,-23.05,109.79,0.0,0.00,0.0,0.0,0.0
123275620,-23.05,109.97,0.0,0.00,0.0,0.0,0.0
123361826,-22.99,109.97,0.0,0.00,0.0,0.0,0.0
123448032,-23.05,109.97,0.0,0.00,0.0,0.0,0.0
123534238,-23.05,110.15,0.0,0.00,0.0,0.0,0.0
123620444,-23.05,110.15,0.0,0.00,0.0,0.0,0.0
123706650,-22.99,110.32,0.0,0.00,0.0,0.0,0.0
123792856,-23.05,110.32,0.0,0.00,0.0,0.0,0.0
123879062,-23.05,110.50,0.0,0.00,0.0,0.0,0.0
123965268,-23.05,110.50,0.0,0.00,0.0,0.0,0.0
124051474,-23.05,110.67,0.0,0.00,0.0,0.0,0.0
124137680,-22.99,110.67,0.0,0.00,0.0,0.0,0.0
124223886,-23.05,110.67,0.0,0.00,0.0,0.0,0.0
124310092,-23.05,110.85,0.0,0.00,0.0,0.0,0.0
124396298,-23.05,110.85,0.0,0.00,0.0,0.0,0.0
124482504,-23.05,111.03,0.0,0.00,0.0,0.0,0.0
124568710,-23.05,111.03,0.0,0.00,0.0,0.0,0.0
124654916,-23.05,111.20,0.0,0.00,0.0,0.0,0.0
124741122,-23.05,111.20,0.0,0.00,0.0,0.0,0.0
124827328,-23.05,111.38,0.0,0.00,0.0,0.0,0.0
124913534,-23.05,111.38,0.0,0.00,0.0,0.0,0.0
124999740,-23.05,111.55,0.0,0.00,0.0,0.0,0.0
125085946,-23.05,111.55,0.0,0.00,0.0,0.0,0.0
125172152,-23.05,111.73,0.0,0.00,0.0,0.0,0.0
125258358,-23.05,111.73,0.0,0.00,0.0,0.0,0.0
125344564,-22.99,111.73,0.0,0.00,0.0,0.0,0.0
125430770,-23.05,111.91,0.0,0.00,0.0,0.0,0.0
125516976,-23.05,111.91,0.0,0.00,0.0,0.0,0.0
125603182,-23.05,112.08,0.0,0.00,0.0,0.0,0.0
125689388,-23.05,112.08,0.0,0.00,0.0,0.0,0.0
125775594,-23.05,112.26,0.0,0.00,0.0,0.0,0.0
125861800,-23.05,112.26,0.0,0.00,0.0,0.0,0.0
125948006,-23.05,112.43,0.0,0.00,0.0,0.0,0.0
126034212,-23.05,112.43,0.0,0.00,0.0,0.0,0.0
126120418,-23.05,112.61,0.0,0.00,0.0,0.0,0.0
126206624,-23.05,112.61,0.0,0.00,0.0,0.0,0.0
126292830,-23.05,112.61,0.0,0.00,0.0,0.0,0.0
126379036,-22.99,112.79,0.0,0.00,0.0,0.0,0.0
126465242,-23.05,112.79,0.0,0.00,0.0,0.0,0.0
126551448,-23.05,112.96,0.0,0.00,0.0,0.0,0.0
126637654,-23.05,112.96,0.0,0.00,0.0,0.0,0.0
126723860,-23.05,113.14,0.0,0.00,0.0,0.0,0.0
126810066,-23.05,113.14,0.0,0.00,0.0,0.0,0.0
126896272,-23.05,113.31,0.0,0.00,0.0,0.0,0.0
126982478,-23.05,113.31,0.0,0.00,0.0,0.0,0.0
127068684,-23.05,113.49,0.0,0.00,0.0,0.0,0.0
127154890,-23.05,113.49,0.0,0.00,0.0,0.0,0.0
127241096,-23.05,113.67,0.0,0.00,0.0,0.0,0.0
127327302,-23.05,113.67,0.0,0.00,0.0,0.0,0.0
127413508,-22.99,113.67,0.0,0.00,0.0,0.0,0.0
127499714,-23.05,113.84,0.0,0.00,0.0,0.0,0.0
127585920,-22.99,114.02,0.0,0.00,0.0,0.0,0.0
127672126,-22.99,114.02,0.0,0.00,0.0,0.0,0.0
127758332,-22.99,114.02,0.0,0.00,0.0,0.0,0.0
127844538,-23.05,114.19,0.0,0.00,0.0,0.0,0.0
127930744,-23.05,114.19,0.0,0.00,0.0,0.0,0.0
128016950,-22.99,114.37,0.0,0.00,0.0,0.0,0.0
128103156,-23.05,114.37,0.0,0.00,0.0,0.0,0.0
128189362,-23.05,114.55,0.0,0.00,0.0,0.0,0.0
128275568,-23.05,114.55,0.0,0.00,0.0,0.0,0.0
128361774,-22.99,114.72,0.0,0.00,0.0,0.0,0.0
128447980,-23.05,114.72,0.0,0.00,0.0,0.0,0.0
128534186,-22.99,114.72,0.0,0.00,0.0,0.0,0.0
128620392,-23.05,114.90,0.0,0.00,0.0,0.0,0.0
128706598,-23.05,114.90,0.0,0.00,0.0,0.0,0.0
128792804,-22.99,115.07,0.0,0.00,0.0,0.0,0.0
128879010,-23.05,115.07,0.0,0.00,0.0,0.0,0.0
128965216,-22.99,115.25,0.0,0.00,0.0,0.0,0.0
129051422,-22.99,115.25,0.0,0.00,0.0,0.0,0.0
129137628,-22.99,115.43,0.0,0.00,0.0,0.0,0.0
129223834,-22.99,115.43,0.0,0.00,0.0,0.0,0.0
129310040,-23.05,115.60,0.0,0.00,0.0,0.0,0.0
129396246,-22.99,115.60,0.0,0.00,0.0,0.0,0.0
129482452,-22.99,115.78,0.0,0.00,0.0,0.0,0.0
129568658,-22.99,115.78,0.0,0.00,0.0,0.0,0.0
129654864,-22.99,115.78,0.0,0.00,0.0,0.0,0.0
129741070,-22.99,115.95,0.0,0.00,0.0,0.0,0.0
129827276,-22.99,115.95,0.0,0.00,0.0,0.0,0.0
129913482,-22.99,116.13,0.0,0.00,0.0,0.0,0.0
129999688,-22.99,116.13,0.0,0.00,0.0,0.0,0.0
130085894,-22.99,116.30,0.0,0.00,0.0,0.0,0.0
130172100,-22.99,116.30,0.0,0.00,0.0,0.0,0.0
130258306,-22.99,116.48,0.0,0.00,0.0,0.0,0.0
130344512,-22.99,116.48,0.0,0.00,0.0,0.0,0.0
130430718,-22.99,116.66,0.0,0.00,0.0,0.0,0.0
130516924,-22.99,116.66,0.0,0.00,0.0,0.0,0.0
130603130,-23.05,116.83,0.0,0.00,0.0,0.0,0.0
130689336,-22.99,116.83,0.0,0.00,0.0,0.0,0.0
130775542,-22.99,117.01,0.0,0.00,0.0,0.0,0.0
130861748,-22.99,117.01,0.0,0.00,0.0,0.0,0.0
130947954,-22.99,117.01,0.0,0.00,0.0,0.0,0.0
131034160,-22.99,117.18,0.0,0.00,0.0,0.0,0.0
131120366,-22.99,117.18,0.0,0.00,0.0,0.0,0.0
131206572,-22.99,117.36,0.0,0.00,0.0,0.0,0.0
131292778,-22.99,117.36,0.0,0.00,0.0,0.0,0.0
131378984,-22.99,117.54,0.0,0.00,0.0,0.0,0.0
131465190,-22.99,117.54,0.0,0.00,0.0,0.0,0.0
131551396,-22.99,117.71,0.0,0.00,0.0,0.0,0.0
131637602,-22.99,117.71,0.0,0.00,0.0,0.0,0.0
131723808,-22.99,117.89,0.0,0.00,0.0,0.0,0.0
131810014,-22.99,117.89,0.0,0.00,0.0,0.0,0.0
131896220,-22.99,118.06,0.0,0.00,0.0,0.0,0.0
131982426,-22.99,118.06,0.0,0.00,0.0,0.0,0.0
132068632,-22.99,118.24,0.0,0.00,0.0,0.0,0.0
132154838,-22.99,118.24,0.0,0.00,0.0,0.0,0.0
132241044,-22.99,118.24,0.0,0.00,0.0,0.0,0.0
132327250,-22.99,118.42,0.0,0.00,0.0,0.0,0.0
132413456,-22.99,118.42,0.0,0.00,0.0,0.0,0.0
132499662,-22.99,118.59,0.0,0.00,0.0,0.0,0.0
132585868,-22.99,118.59,0.0,0.00,0.0,0.0,0.0
132672074,-22.99,118.77,0.0,0.00,0.0,0.0,0.0
132758280,-22.99,118.77,0.0,0.00,0.0,0.0,0.0
132844486,-22.99,118.94,0.0,0.00,0.0,0.0,0.0
132930692,-22.99,118.94,0.0,0.00,0.0,0.0,0.0
133016898,-22.99,119.12,0.0,0.00,0.0,0.0,0.0
133103104,-22.99,119.12,0.0,0.00,0.0,0.0,0.0
133189310,-22.99,119.12,0.0,0.00,0.0,0.0,0.0
133275516,-22.99,119.30,0.0,0.00,0.0,0.0,0.0
133361722,-22.99,119.47,0.0,0.00,0.0,0.0,0.0
133447928,-22.93,119.47,0.0,0.00,0.0,0.0,0.0
133534134,-22.99,119.47,0.0,0.00,0.0,0.0,0.0
133620340,-22.99,119.65,0.0,0.00,0.0,0.0,0.0
133706546,-22.99,119.65,0.0,0.00,0.0,0.0,0.0
133792752,-22.99,119.82,0.0,0.00,0.0,0.0,0.0
133878958,-22.99,119.82,0.0,0.00,0.0,0.0,0.0
133965164,-22.99,120.00,0.0,0.00,0.0,0.0,0.0
134051370,-22.99,120.00,0.0,0.00,0.0,0.0,0.0
134137576,-22.99,120.18,0.0,0.00,0.0,0.0,0.0
134223782,-22.99,120.18,0.0,0.00,0.0,0.0,0.0
134309988,-22.99,120.35,0.0,0.00,0.0,0.0,0.0
134396194,-22.99,120.35,0.0,0.00,0.0,0.0,0.0
134482400,-22.99,120.53,0.0,0.00,0.0,0.0,0.0
134568606,-22.99,120.53,0.0,0.00,0.0,0.0,0.0
134654812,-22.99,120.70,0.0,0.00,0.0,0.0,0.0
134741018,-22.99,120.70,0.0,0.00,0.0,0.0,0.0
134827224,-22.99,120.88,0.0,0.00,0.0,0.0,0.0
134913430,-22.99,120.88,0.0,0.00,0.0,0.0,0.0
134999636,-22.99,120.88,0.0,0.00,0.0,0.0,0.0
135085842,-22.99,121.06,0.0,0.00,0.0,0.0,0.0
135172048,-22.99,121.06,0.0,0.00,0.0,0.0,0.0
135258254,-22.99,121.23,0.0,0.00,0.0,0.0,0.0
135344460,-22.99,121.23,0.0,0.00,0.0,0.0,0.0
135430666,-22.99,121.41,0.0,0.00,0.0,0.0,0.0
135516872,-22.99,121.41,0.0,0.00,0.0,0.0,0.0
135603078,-22.99,121.58,0.0,0.00,0.0,0.0,0.0
135689284,-22.99,121.58,0.0,0.00,0.0,0.0,0.0
135775490,-22.99,121.76,0.0,0.00,0.0,0.0,0.0
135861696,-22.99,121.76,0.0,0.00,0.0,0.0,0.0
135947902,-22.99,121.94,0.0,0.00,0.0,0.0,0.0
136034108,-22.99,121.94,0.0,0.00,0.0,0.0,0.0
136120314,-22.99,122.11,0.0,0.00,0.0,0.0,0.0
136206520,-22.99,122.11,0.0,0.00,0.0,0.0,0.0
136292726,-22.99,122.29,0.0,0.00,0.0,0.0,0.0
136378932,-22.99,122.29,0.0,0.00,0.0,0.0,0.0
136465138,-22.99,122.29,0.0,0.00,0.0,0.0,0.0
136551344,-22.99,122.46,0.0,0.00,0.0,0.0,0.0
136637550,-22.99,122.46,0.0,0.00,0.0,0.0,0.0
136723756,-22.99,122.64,0.0,0.00,0.0,0.0,0.0
136809962,-22.99,122.64,0.0,0.00,0.0,0.0,0.0
136896168,-22.99,122.82,0.0,0.00,0.0,0.0,0.0
136982374,-22.99,122.82,0.0,0.00,0.0,0.0,0.0
137068580,-22.99,122.99,0.0,0.00,0.0,0.0,0.0
137154786,-22.99,122.99,0.0,0.00,0.0,0.0,0.0
137240992,-22.99,123.17,0.0,0.00,0.0,0.0,0.0
137327198,-22.99,123.17,0.0,0.00,0.0,0.0,0.0
137413404,-22.99,123.34,0.0,0.00,0.0,0.0,0.0
137499610,-22.99,123.34,0.0,0.00,0.0,0.0,0.0
137585816,-22.99,123.52,0.0,0.00,0.0,0.0,0.0
137672022,-22.99,123.52,0.0,0.00,0.0,0.0,0.0
137758228,-22.99,123.70,0.0,0.00,0.0,0.0,0.0
137844434,-22.99,123.70,0.0,0.00,0.0,0.0,0.0
137930640,-22.99,123.87,0.0,0.00,0.0,0.0,0.0
138016846,-22.93,123.87,0.0,0.00,0.0,0.0,0.0
138103052,-22.99,123.87,0.0,0.00,0.0,0.0,0.0
138189258,-22.99,124.05,0.0,0.00,0.0,0.0,0.0
138275464,-22.99,124.05,0.0,0.00,0.0,0.0,0.0
138361670,-22.99,124.22,0.0,0.00,0.0,0.0,0.0
138447876,-22.99,124.22,0.0,0.00,0.0,0.0,0.0
138534082,-22.99,124.40,0.0,0.00,0.0,0.0,0.0
138620288,-22.93,124.40,0.0,0.00,0.0,0.0,0.0
138706494,-22.99,124.57,0.0,0.00,0.0,0.0,0.0
138792700,-22.99,124.57,0.0,0.00,0.0,0.0,0.0
138878906,-22.99,124.75,0.0,0.00,0.0,0.0,0.0
138965112,-22.93,124.75,0.0,0.00,0.0,0.0,0.0
139051318,-22.93,124.93,0.0,0.00,0.0,0.0,0.0
139137524,-22.99,124.93,0.0,0.00,0.0,0.0,0.0
139223730,-22.93,125.10,0.0,0.00,0.0,0.0,0.0
139309936,-22.99,125.10,0.0,0.00,0.0,0.0,0.0
139396142,-22.93,125.28,0.0,0.00,0.0,0.0,0.0
139482348,-22.93,125.28,0.0,0.00,0.0,0.0,0.0
139568554,-22.93,125.28,0.0,0.00,0.0,0.0,0.0
139654760,-22.99,125.45,0.0,0.00,0.0,0.0,0.0
139740966,-22.93,125.45,0.0,0.00,0.0,0.0,0.0
139827172,-22.99,125.63,0.0,0.00,0.0,0.0,0.0
139913378,-22.93,125.63,0.0,0.00,0.0,0.0,0.0
139999584,-22.93,125.81,0.0,0.00,0.0,0.0,0.0
140085790,-22.93,125.81,0.0,0.00,0.0,0.0,0.0
140171996,-22.99,125.98,0.0,0.00,0.0,0.0,0.0
140258202,-22.93,125.98,0.0,0.00,0.0,0.0,0.0
140344408,-22.93,126.16,0.0,0.00,0.0,0.0,0.0
140430614,-22.93,126.16,0.0,0.00,0.0,0.0,0.0
140516820,-22.93,126.33,0.0,0.00,0.0,0.0,0.0
140603026,-22.93,126.33,0.0,0.00,0.0,0.0,0.0
140689232,-22.99,126.51,0.0,0.00,0.0,0.0,0.0
140775438,-22.93,126.51,0.0,0.00,0.0,0.0,0.0
140861644,-22.93,126.69,0.0,0.00,0.0,0.0,0.0
140947850,-22.93,126.69,0.0,0.00,0.0,0.0,0.0
141034056,-22.93,126.69,0.0,0.00,0.0,0.0,0.0
141120262,-22.93,126.86,0.0,0.00,0.0,0.0,0.0
141206468,-22.93,126.86,0.0,0.00,0.0,0.0,0.0
141292674,-22.93,127.04,0.0,0.00,0.0,0.0,0.0
141378880,-22.93,127.04,0.0,0.00,0.0,0.0,0.0
141465086,-22.93,127.21,0.0,0.00,0.0,0.0,0.0
141551292,-22.93,127.21,0.0,0.00,0.0,0.0,0.0
141637498,-22.93,127.39,0.0,0.00,0.0,0.0,0.0
141723704,-22.87,127.39,0.0,0.00,0.0,0.0,0.0
141809910,-22.93,127.57,0.0,0.00,0.0,0.0,0.0
141896116,-22.93,127.57,0.0,0.00,0.0,0.0,0.0
141982322,-22.87,127.74,0.0,0.00,0.0,0.0,0.0
142068528,-22.93,127.74,0.0,0.00,0.0,0.0,0.0
142154734,-22.93,127.92,0.0,0.00,0.0,0.0,0.0
142240940,-22.93,127.92,0.0,0.00,0.0,0.0,0.0
142327146,-22.87,128.09,0.0,0.00,0.0,0.0,0.0
142413352,-22.93,128.09,0.0,0.00,0.0,0.0,0.0
142499558,-22.93,128.27,0.0,0.00,0.0,0.0,0.0
142585764,-22.99,128.27,0.0,0.00,0.0,0.0,0.0
142671970,-22.93,128.45,0.0,0.00,0.0,0.0,0.0
142758176,-22.87,128.45,0.0,0.00,0.0,0.0,0.0
142844382,-22.87,128.62,0.0,0.00,0.0,0.0,0.0
142930588,-22.87,128.62,0.0,0.00,0.0,0.0,0.0
143016794,-22.93,128.80,0.0,0.00,0.0,0.0,0.0
143103000,-22.87,128.80,0.0,0.00,0.0,0.0,0.0
143189206,-22.93,128.80,0.0,0.00,0.0,0.0,0.0
143275412,-22.87,128.97,0.0,0.00,0.0,0.0,0.0
143361618,-22.87,128.97,0.0,0.00,0.0,0.0,0.0
143447824,-22.87,129.15,0.0,0.00,0.0,0.0,0.0
143534030,-22.87,129.15,0.0,0.00,0.0,0.0,0.0
143620236,-22.87,129.33,0.0,0.00,0.0,0.0,0.0
143706442,-22.87,129.33,0.0,0.00,0.0,0.0,0.0
143792648,-22.87,129.50,0.0,0.00,0.0,0.0,0.0
143878854,-22.87,129.50,0.0,0.00,0.0,0.0,0.0
143965060,-22.87,129.68,0.0,0.00,0.0,0.0,0.0
144051266,-22.87,129.68,0.0,0.00,0.0,0.0,0.0
144137472,-22.87,129.85,0.0,0.00,0.0,0.0,0.0
144223678,-22.87,129.85,0.0,0.00,0.0,0.0,0.0
144309884,-22.87,130.03,0.0,0.00,0.0,0.0,0.0
144396090,-22.87,130.03,0.0,0.00,0.0,0.0,0.0
144482296,-22.93,130.21,0.0,0.00,0.0,0.0,0.0
144568502,-22.87,130.21,0.0,0.00,0.0,0.0,0.0
144654708,-22.87,130.38,0.0,0.00,0.0,0.0,0.0
144740914,-22.87,130.38,0.0,0.00,0.0,0.0,0.0
144827120,-22.87,130.38,0.0,0.00,0.0,0.0,0.0
144913326,-22.87,130.56,0.0,0.00,0.0,0.0,0.0
144999532,-22.87,130.56,0.0,0.00,0.0,0.0,0.0
145085738,-22.87,130.73,0.0,0.00,0.0,0.0,0.0
145171944,-22.87,130.73,0.0,0.00,0.0,0.0,0.0
145258150,-22.87,130.91,0.0,0.00,0.0,0.0,0.0
145344356,-22.87,130.91,0.0,0.00,0.0,0.0,0.0
145430562,-22.87,131.09,0.0,0.00,0.0,0.0,0.0
145516768,-22.87,131.09,0.0,0.00,0.0,0.0,0.0
145602974,-22.87,131.26,0.0,0.00,0.0,0.0,0.0
145689180,-22.87,131.26,0.0,0.00,0.0,0.0,0.0
145775386,-22.87,131.44,0.0,0.00,0.0,0.0,0.0
145861592,-22.87,131.44,0.0,0.00,0.0,0.0,0.0
145947798,-22.93,131.61,0.0,0.00,0.0,0.0,0.0
146034004,-22.87,131.61,0.0,0.00,0.0,0.0,0.0
146120210,-22.87,131.61,0.0,0.00,0.0,0.0,0.0
146206416,-22.87,131.79,0.0,0.00,0.0,0.0,0.0
146292622,-22.87,131.96,0.0,0.00,0.0,0.0,0.0
146378828,-22.93,131.96,0.0,0.00,0.0,0.0,0.0
146465034,-22.87,132.14,0.0,0.00,0.0,0.0,0.0
146551240,-22.93,132.14,0.0,0.00,0.0,0.0,0.0
146637446,-22.87,132.14,0.0,0.00,0.0,0.0,0.0
146723652,-22.87,132.32,0.0,0.00,0.0,0.0,0.0
146809858,-22.87,132.32,0.0,0.00,0.0,0.0,0.0
146896064,-22.93,132.49,0.0,0.00,0.0,0.0,0.0
146982270,-22.87,132.49,0.0,0.00,0.0,0.0,0.0
147068476,-22.87,132.67,0.0,0.00,0.0,0.0,0.0
147154682,-22.87,132.67,0.0,0.00,0.0,0.0,0.0
147240888,-22.87,132.84,0.0,0.00,0.0,0.0,0.0
147327094,-22.87,132.84,0.0,0.00,0.0,0.0,0.0
147413300,-22.87,133.02,0.0,0.00,0.0,0.0,0.0
147499506,-22.87,133.02,0.0,0.00,0.0,0.0,0.0
147585712,-22.87,133.20,0.0,0.00,0.0,0.0,0.0
147671918,-22.87,133.20,0.0,0.00,0.0,0.0,0.0
147758124,-22.87,133.37,0.0,0.00,0.0,0.0,0.0
147844330,-22.87,133.37,0.0,0.00,0.0,0.0,0.0
147930536,-22.87,133.55,0.0,0.00,0.0,0.0,0.0
148016742,-22.87,133.55,0.0,0.00,0.0,0.0,0.0
148102948,-22.87,133.72,0.0,0.00,0.0,0.0,0.0
148189154,-22.87,133.72,0.0,0.00,0.0,0.0,0.0
148275360,-22.87,133.72,0.0,0.00,0.0,0.0,0.0
148361566,-22.87,133.90,0.0,0.00,0.0,0.0,0.0
148447772,-22.87,133.90,0.0,0.00,0.0,0.0,0.0
148533978,-22.87,134.08,0.0,0.00,0.0,0.0,0.0
148620184,-22.87,134.08,0.0,0.00,0.0,0.0,0.0
148706390,-22.87,134.25,0.0,0.00,0.0,0.0,0.0
148792596,-22.87,134.25,0.0,0.00,0.0,0.0,0.0
148878802,-22.87,134.43,0.0,0.00,0.0,0.0,0.0
148965008,-22.87,134.43,0.0,0.00,0.0,0.0,0.0
149051214,-22.87,134.60,0.0,0.00,0.0,0.0,0.0
149137420,-22.87,134.60,0.0,0.00,0.0,0.0,0.0
149223626,-22.87,134.78,0.0,0.00,0.0,0.0,0.0
149309832,-22.87,134.78,0.0,0.00,0.0,0.0,0.0
149396038,-22.87,134.96,0.0,0.00,0.0,0.0,0.0
149482244,-22.87,134.96,0.0,0.00,0.0,0.0,0.0
149568450,-22.87,135.13,0.0,0.00,0.0,0.0,0.0
149654656,-22.87,135.13,0.0,0.00,0.0,0.0,0.0
149740862,-22.87,135.13,0.0,0.00,0.0,0.0,0.0
149827068,-22.87,135.31,0.0,0.00,0.0,0.0,0.0
149913274,-22.87,135.31,0.0,0.00,0.0,0.0,0.0
149999480,-22.87,135.48,0.0,0.00,0.0,0.0,0.0
150085686,-22.87,135.48,0.0,0.00,0.0,0.0,0.0
150171892,-22.87,135.66,0.0,0.00,0.0,0.0,0.0
150258098,-22.87,135.66,0.0,0.00,0.0,0.0,0.0
150344304,-22.87,135.84,0.0,0.00,0.0,0.0,0.0
150430510,-22.87,135.84,0.0,0.00,0.0,0.0,0.0
150516716,-22.87,136.01,0.0,0.00,0.0,0.0,0.0
150602922,-22.87,136.01,0.0,0.00,0.0,0.0,0.0
150689128,-22.87,136.19,0.0,0.00,0.0,0.0,0.0
150775334,-22.87,136.19,0.0,0.00,0.0,0.0,0.0
150861540,-22.87,136.36,0.0,0.00,0.0,0.0,0.0
150947746,-22.87,136.36,0.0,0.00,0.0,0.0,0.0
151033952,-22.87,136.36,0.0,0.00,0.0,0.0,0.0
151120158,-22.87,136.54,0.0,0.00,0.0,0.0,0.0
151206364,-22.87,136.54,0.0,0.00,0.0,0.0,0.0
151292570,-22.87,136.72,0.0,0.00,0.0,0.0,0.0
151378776,-22.87,136.72,0.0,0.00,0.0,0.0,0.0
151464982,-22.87,136.89,0.0,0.00,0.0,0.0,0.0
151551188,-22.87,136.89,0.0,0.00,0.0,0.0,0.0
151637394,-22.87,137.07,0.0,0.00,0.0,0.0,0.0
151723600,-22.87,137.07,0.0,0.00,0.0,0.0,0.0
151809806,-22.87,137.24,0.0,0.00,0.0,0.0,0.0
151896012,-22.87,137.24,0.0,0.00,0.0,0.0,0.0
151982218,-22.87,137.42,0.0,0.00,0.0,0.0,0.0
152068424,-22.87,137.42,0.0,0.00,0.0,0.0,0.0
152154630,-22.87,137.60,0.0,0.00,0.0,0.0,0.0
152240836,-22.87,137.60,0.0,0.00,0.0,0.0,0.0
152327042,-22.87,137.77,0.0,0.00,0.0,0.0,0.0
152413248,-22.87,137.77,0.0,0.00,0.0,0.0,0.0
152499454,-22.87,137.77,0.0,0.00,0.0,0.0,0.0
152585660,-22.87,137.95,0.0,0.00,0.0,0.0,0.0
152671866,-22.87,137.95,0.0,0.00,0.0,0.0,0.0
152758072,-22.87,138.12,0.0,0.00,0.0,0.0,0.0
152844278,-22.87,138.12,0.0,0.00,0.0,0.0,0.0
152930484,-22.87,138.30,0.0,0.00,0.0,0.0,0.0
153016690,-22.87,138.30,0.0,0.00,0.0,0.0,0.0
153102896,-22.87,138.48,0.0,0.00,0.0,0.0,0.0
153189102,-22.87,138.48,0.0,0.00,0.0,0.0,0.0
153275308,-22.87,138.65,0.0,0.00,0.0,0.0,0.0
153361514,-22.87,138.65,0.0,0.00,0.0,0.0,0.0
153447720,-22.87,138.83,0.0,0.00,0.0,0.0,0.0
153533926,-22.87,138.83,0.0,0.00,0.0,0.0,0.0
153620132,-22.87,138.83,0.0,0.00,0.0,0.0,0.0
153706338,-22.87,139.00,0.0,0.00,0.0,0.0,0.0
153792544,-22.87,139.00,0.0,0.00,0.0,0.0,0.0
153878750,-22.87,139.18,0.0,0.00,0.0,0.0,0.0
153964956,-22.87,139.35,0.0,0.00,0.0,0.0,0.0
154051162,-22.87,139.35,0.0,0.00,0.0,0.0,0.0
154137368,-22.87,139.35,0.0,0.00,0.0,0.0,0.0
154223574,-22.87,139.53,0.0,0.00,0.0,0.0,0.0
154309780,-22.87,139.53,0.0,0.00,0.0,0.0,0.0
154395986,-22.87,139.71,0.0,0.00,0.0,0.0,0.0
154482192,-22.87,139.71,0.0,0.00,0.0,0.0,0.0
154568398,-22.87,139.88,0.0,0.00,0.0,0.0,0.0
154654604,-22.87,139.88,0.0,0.00,0.0,0.0,0.0
154740810,-22.87,140.06,0.0,0.00,0.0,0.0,0.0
154827016,-22.87,140.06,0.0,0.00,0.0,0.0,0.0
154913222,-22.87,140.23,0.0,0.00,0.0,0.0,0.0
154999428,-22.87,140.23,0.0,0.00,0.0,0.0,0.0
155085634,-22.87,140.41,0.0,0.00,0.0,0.0,0.0
155171840,-22.87,140.41,0.0,0.00,0.0,0.0,0.0
155258046,-22.87,140.41,0.0,0.00,0.0,0.0,0.0
155344252,-22.87,140.59,0.0,0.00,0.0,0.0,0.0
155430458,-22.87,140.59,0.0,0.00,0.0,0.0,0.0
155516664,-22.87,140.76,0.0,0.00,0.0,0.0,0.0
155602870,-22.87,140.76,0.0,0.00,0.0,0.0,0.0
155689076,-22.87,140.94,0.0,0.00,0.0,0.0,0.0
155775282,-22.87,140.94,0.0,0.00,0.0,0.0,0.0
155861488,-22.87,141.11,0.0,0.00,0.0,0.0,0.0
155947694,-22.87,141.11,0.0,0.00,0.0,0.0,0.0
156033900,-22.87,141.29,0.0,0.00,0.0,0.0,0.0
156120106,-22.87,141.29,0.0,0.00,0.0,0.0,0.0
156206312,-22.87,141.47,0.0,0.00,0.0,0.0,0.0
156292518,-22.87,141.47,0.0,0.00,0.0,0.0,0.0
156378724,-22.87,141.64,0.0,0.00,0.0,0.0,0.0
156464930,-22.87,141.64,0.0,0.00,0.0,0.0,0.0
156551136,-22.82,141.64,0.0,0.00,0.0,0.0,0.0
156637342,-22.76,141.82,0.0,0.00,0.0,0.0,0.0
156723548,-22.82,141.82,0.0,0.00,0.0,0.0,0.0
156809754,-22.82,141.99,0.0,0.00,0.0,0.0,0.0
156895960,-22.82,141.99,0.0,0.00,0.0,0.0,0.0
156982166,-22.82,142.17,0.0,0.00,0.0,0.0,0.0
157068372,-22.82,142.17,0.0,0.00,0.0,0.0,0.0
157154578,-22.87,142.35,0.0,0.00,0.0,0.0,0.0
157240784,-22.82,142.35,0.0,0.00,0.0,0.0,0.0
157326990,-22.76,142.52,0.0,0.00,0.0,0.0,0.0
157413196,-22.76,142.52,0.0,0.00,0.0,0.0,0.0
157499402,-22.87,142.70,0.0,0.00,0.0,0.0,0.0
157585608,-22.82,142.70,0.0,0.00,0.0,0.0,0.0
157671814,-22.76,142.87,0.0,0.00,0.0,0.0,0.0
157758020,-22.82,142.87,0.0,0.00,0.0,0.0,0.0
157844226,-22.76,142.87,0.0,0.00,0.0,0.0,0.0
157930432,-22.76,143.05,0.0,0.00,0.0,0.0,0.0
158016638,-22.82,143.05,0.0,0.00,0.0,0.0,0.0
158102844,-22.76,143.23,0.0,0.00,0.0,0.0,0.0
158189050,-22.76,143.23,0.0,0.00,0.0,0.0,0.0
158275256,-22.76,143.40,0.0,0.00,0.0,0.0,0.0
158361462,-22.76,143.40,0.0,0.00,0.0,0.0,0.0
158447668,-22.76,143.58,0.0,0.00,0.0,0.0,0.0
158533874,-22.76,143.58,0.0,0.00,0.0,0.0,0.0
158620080,-22.76,143.75,0.0,0.00,0.0,0.0,0.0
158706286,-22.76,143.75,0.0,0.00,0.0,0.0,0.0
158792492,-22.76,143.93,0.0,0.00,0.0,0.0,0.0
158878698,-22.76,143.93,0.0,0.00,0.0,0.0,0.0
158964904,-22.76,144.11,0.0,0.00,0.0,0.0,0.0
159051110,-22.76,144.11,0.0,0.00,0.0,0.0,0.0
159137316,-22.76,144.28,0.0,0.00,0.0,0.0,0.0
159223522,-22.76,144.28,0.0,0.00,0.0,0.0,0.0
159309728,-22.76,144.46,0.0,0.00,0.0,0.0,0.0
159395934,-22.76,144.46,0.0,0.00,0.0,0.0,0.0
159482140,-22.76,144.63,0.0,0.00,0.0,0.0,0.0
159568346,-22.76,144.63,0.0,0.00,0.0,0.0,0.0
159654552,-22.76,144.63,0.0,0.00,0.0,0.0,0.0
159740758,-22.76,144.81,0.0,0.00,0.0,0.0,0.0
159826964,-22.76,144.99,0.0,0.00,0.0,0.0,0.0
159913170,-22.76,144.99,0.0,0.00,0.0,0.0,0.0
159999376,-22.76,144.99,0.0,0.00,0.0,0.0,0.0
160085582,-22.76,145.16,0.0,0.00,0.0,0.0,0.0
160171788,-22.76,145.16,0.0,0.00,0.0,0.0,0.0
160257994,-22.76,145.34,0.0,0.00,0.0,0.0,0.0
160344200,-22.76,145.34,0.0,0.00,0.0,0.0,0.0
160430406,-22.76,145.51,0.0,0.00,0.0,0.0,0.0
160516612,-22.76,145.51,0.0,0.00,0.0,0.0,0.0
160602818,-22.76,145.69,0.0,0.00,0.0,0.0,0.0
160689024,-22.76,145.69,0.0,0.00,0.0,0.0,0.0
160775230,-22.76,145.87,0.0,0.00,0.0,0.0,0.0
160861436,-22.76,145.87,0.0,0.00,0.0,0.0,0.0
160947642,-22.76,146.04,0.0,0.00,0.0,0.0,0.0
161033848,-22.76,146.04,0.0,0.00,0.0,0.0,0.0
161120054,-22.76,146.22,0.0,0.00,0.0,0.0,0.0
161206260,-22.76,146.22,0.0,0.00,0.0,0.0,0.0
161292466,-22.76,146.39,0.0,0.00,0.0,0.0,0.0
161378672,-22.76,146.39,0.0,0.00,0.0,0.0,0.0
161464878,-22.76,146.57,0.0,0.00,0.0,0.0,0.0
161551084,-22.76,146.57,0.0,0.00,0.0,0.0,0.0
161637290,-22.76,146.74,0.0,0.00,0.0,0.0,0.0
161723496,-22.76,146.74,0.0,0.00,0.0,0.0,0.0
161809702,-22.76,146.92,0.0,0.00,0.0,0.0,0.0
161895908,-22.76,146.92,0.0,0.00,0.0,0.0,0.0
161982114,-22.76,147.10,0.0,0.00,0.0,0.0,0.0
162068320,-22.76,147.10,0.0,0.00,0.0,0.0,0.0
162154526,-22.76,147.27,0.0,0.00,0.0,0.0,0.0
162240732,-22.76,147.27,0.0,0.00,0.0,0.0,0.0
162326938,-22.76,147.45,0.0,0.00,0.0,0.0,0.0
162413144,-22.76,147.45,0.0,0.00,0.0,0.0,0.0
162499350,-22.76,147.62,0.0,0.00,0.0,0.0,0.0
162585556,-22.76,147.62,0.0,0.00,0.0,0.0,0.0
162671762,-22.76,147.80,0.0,0.00,0.0,0.0,0.0
162757968,-22.76,147.80,0.0,0.00,0.0,0.0,0.0
162844174,-22.76,147.98,0.0,0.00,0.0,0.0,0.0
162930380,-22.76,147.98,0.0,0.00,0.0,0.0,0.0
163016586,-22.76,148.15,0.0,0.00,0.0,0.0,0.0
163102792,-22.76,148.15,0.0,0.00,0.0,0.0,0.0
163188998,-22.76,148.33,0.0,0.00,0.0,0.0,0.0
163275204,-22.76,148.33,0.0,0.00,0.0,0.0,0.0
163361410,-22.76,148.50,0.0,0.00,0.0,0.0,0.0
163447616,-22.76,148.50,0.0,0.00,0.0,0.0,0.0
163533822,-22.76,148.68,0.0,0.00,0.0,0.0,0.0
163620028,-22.76,148.68,0.0,0.00,0.0,0.0,0.0
163706234,-22.76,148.86,0.0,0.00,0.0,0.0,0.0
163792440,-22.76,148.86,0.0,0.00,0.0,0.0,0.0
163878646,-22.76,149.03,0.0,0.00,0.0,0.0,0.0
163964852,-22.76,149.03,0.0,0.00,0.0,0.0,0.0
164051058,-22.76,149.21,0.0,0.00,0.0,0.0,0.0
164137264,-22.76,149.21,0.0,0.00,0.0,0.0,0.0
164223470,-22.76,149.21,0.0,0.00,0.0,0.0,0.0
164309676,-22.76,149.38,0.0,0.00,0.0,0.0,0.0
164395882,-22.76,149.56,0.0,0.00,0.0,0.0,0.0
164482088,-22.76,149.56,0.0,0.00,0.0,0.0,0.0
164568294,-22.76,149.56,0.0,0.00,0.0,0.0,0.0
164654500,-22.76,149.74,0.0,0.00,0.0,0.0,0.0
164740706,-22.76,149.91,0.0,0.00,0.0,0.0,0.0
164826912,-22.76,149.91,0.0,0.00,0.0,0.0,0.0
164913118,-22.76,149.91,0.0,0.00,0.0,0.0,0.0
164999324,-22.76,150.09,0.0,0.00,0.0,0.0,0.0
165085530,-22.76,150.09,0.0,0.00,0.0,0.0,0.0
165171736,-22.76,150.26,0.0,0.00,0.0,0.0,0.0
165257942,-22.76,150.26,0.0,0.00,0.0,0.0,0.0
165344148,-22.70,150.44,0.0,0.00,0.0,0.0,0.0
165430354,-22.76,150.44,0.0,0.00,0.0,0.0,0.0
165516560,-22.76,150.62,0.0,0.00,0.0,0.0,0.0
165602766,-22.70,150.62,0.0,0.00,0.0,0.0,0.0
165688972,-22.76,150.79,0.0,0.00,0.0,0.0,0.0
165775178,-22.76,150.79,0.0,0.00,0.0,0.0,0.0
165861384,-22.76,150.97,0.0,0.00,0.0,0.0,0.0
165947590,-22.76,150.97,0.0,0.00,0.0,0.0,0.0
166033796,-22.70,151.14,0.0,0.00,0.0,0.0,0.0
166120002,-22.76,151.14,0.0,0.00,0.0,0.0,0.0
166206208,-22.76,151.32,0.0,0.00,0.0,0.0,0.0
166292414,-22.76,151.32,0.0,0.00,0.0,0.0,0.0
166378620,-22.76,151.50,0.0,0.00,0.0,0.0,0.0
166464826,-22.70,151.50,0.0,0.00,0.0,0.0,0.0
166551032,-22.70,151.67,0.0,0.00,0.0,0.0,0.0
166637238,-22.76,151.67,0.0,0.00,0.0,0.0,0.0
166723444,-22.76,151.67,0.0,0.00,0.0,0.0,0.0
166809650,-22.76,151.85,0.0,0.00,0.0,0.0,0.0
166895856,-22.76,151.85,0.0,0.00,0.0,0.0,0.0
166982062,-22.76,152.02,0.0,0.00,0.0,0.0,0.0
167068268,-22.76,152.02,0.0,0.00,0.0,0.0,0.0
167154474,-22.76,152.20,0.0,0.00,0.0,0.0,0.0
167240680,-22.76,152.20,0.0,0.00,0.0,0.0,0.0
167326886,-22.76,152.38,0.0,0.00,0.0,0.0,0.0
167413092,-22.76,152.38,0.0,0.00,0.0,0.0,0.0
167499298,-22.76,152.55,0.0,0.00,0.0,0.0,0.0
167585504,-22.76,152.55,0.0,0.00,0.0,0.0,0.0
167671710,-22.76,152.73,0.0,0.00,0.0,0.0,0.0
167757916,-22.76,152.73,0.0,0.00,0.0,0.0,0.0
167844122,-22.76,152.90,0.0,0.00,0.0,0.0,0.0
167930328,-22.76,152.90,0.0,0.00,0.0,0.0,0.0
168016534,-22.76,153.08,0.0,0.00,0.0,0.0,0.0
168102740,-22.76,153.08,0.0,0.00,0.0,0.0,0.0
168188946,-22.76,153.26,0.0,0.00,0.0,0.0,0.0
168275152,-22.76,153.26,0.0,0.00,0.0,0.0,0.0
168361358,-22.76,153.43,0.0,0.00,0.0,0.0,0.0
168447564,-22.76,153.43,0.0,0.00,0.0,0.0,0.0
168533770,-22.76,153.61,0.0,0.00,0.0,0.0,0.0
168619976,-22.76,153.61,0.0,0.00,0.0,0.0,0.0
168706182,-22.76,153.78,0.0,0.00,0.0,0.0,0.0
168792388,-22.76,153.78,0.0,0.00,0.0,0.0,0.0
168878594,-22.76,153.96,0.0,0.00,0.0,0.0,0.0
168964800,-22.76,153.96,0.0,0.00,0.0,0.0,0.0
169051006,-22.70,154.13,0.0,0.00,0.0,0.0,0.0
169137212,-22.76,154.13,0.0,0.00,0.0,0.0,0.0
169223418,-22.76,154.31,0.0,0.00,0.0,0.0,0.0
169309624,-22.70,154.31,0.0,0.00,0.0,0.0,0.0
169395830,-22.70,154.49,0.0,0.00,0.0,0.0,0.0
169482036,-22.70,154.49,0.0,0.00,0.0,0.0,0.0
169568242,-22.70,154.66,0.0,0.00,0.0,0.0,0.0
169654448,-22.76,154.66,0.0,0.00,0.0,0.0,0.0
169740654,-22.70,154.84,0.0,0.00,0.0,0.0,0.0
169826860,-22.70,154.84,0.0,0.00,0.0,0.0,0.0
169913066,-22.76,155.01,0.0,0.00,0.0,0.0,0.0
169999272,-22.76,155.01,0.0,0.00,0.0,0.0,0.0
170085478,-22.76,155.01,0.0,0.00,0.0,0.0,0.0
170171684,-22.76,155.19,0.0,0.00,0.0,0.0,0.0
170257890,-22.76,155.37,0.0,0.00,0.0,0.0,0.0
170344096,-22.76,155.37,0.0,0.00,0.0,0.0,0.0
170430302,-22.76,155.37,0.0,0.00,0.0,0.0,0.0
170516508,-22.76,155.54,0.0,0.00,0.0,0.0,0.0
170602714,-22.76,155.54,0.0,0.00,0.0,0.0,0.0
170688920,-22.76,155.72,0.0,0.00,0.0,0.0,0.0
170775126,-22.76,155.72,0.0,0.00,0.0,0.0,0.0
170861332,-22.76,155.89,0.0,0.00,0.0,0.0,0.0
170947538,-22.76,155.89,0.0,0.00,0.0,0.0,0.0
171033744,-22.76,156.07,0.0,0.00,0.0,0.0,0.0
171119950,-22.76,156.07,0.0,0.00,0.0,0.0,0.0
171206156,-22.76,156.25,0.0,0.00,0.0,0.0,0.0
171292362,-22.76,156.25,0.0,0.00,0.0,0.0,0.0
171378568,-22.76,156.42,0.0,0.00,0.0,0.0,0.0
171464774,-22.76,156.42,0.0,0.00,0.0,0.0,0.0
171550980,-22.76,156.60,0.0,0.00,0.0,0.0,0.0
171637186,-22.76,156.60,0.0,0.00,0.0,0.0,0.0
171723392,-22.76,156.77,0.0,0.00,0.0,0.0,0.0
171809598,-22.76,156.77,0.0,0.00,0.0,0.0,0.0
171895804,-22.76,156.95,0.0,0.00,0.0,0.0,0.0
171982010,-22.70,156.95,0.0,0.00,0.0,0.0,0.0
172068216,-22.76,157.13,0.0,0.00,0.0,0.0,0.0
172154422,-22.76,157.13,0.0,0.00,0.0,0.0,0.0
172240628,-22.70,157.30,0.0,0.00,0.0,0.0,0.0
172326834,-22.76,157.30,0.0,0.00,0.0,0.0,0.0
172413040,-22.76,157.30,0.0,0.00,0.0,0.0,0.0
172499246,-22.70,157.48,0.0,0.00,0.0,0.0,0.0
172585452,-22.70,157.48,0.0,0.00,0.0,0.0,0.0
172671658,-22.70,157.65,0.0,0.00,0.0,0.0,0.0
172757864,-22.70,157.65,0.0,0.00,0.0,0.0,0.0
172844070,-22.70,157.83,0.0,0.00,0.0,0.0,0.0
172930276,-22.70,157.83,0.0,0.00,0.0,0.0,0.0
173016482,-22.70,158.01,0.0,0.00,0.0,0.0,0.0
173102688,-22.70,158.01,0.0,0.00,0.0,0.0,0.0
173188894,-22.70,158.18,0.0,0.00,0.0,0.0,0.0
173275100,-22.70,158.18,0.0,0.00,0.0,0.0,0.0
173361306,-22.70,158.36,0.0,0.00,0.0,0.0,0.0
173447512,-22.70,158.36,0.0,0.00,0.0,0.0,0.0
173533718,-22.70,158.53,0.0,0.00,0.0,0.0,0.0
173619924,-22.70,158.53,0.0,0.00,0.0,0.0,0.0
173706130,-22.70,158.71,0.0,0.00,0.0,0.0,0.0
173792336,-22.70,158.71,0.0,0.00,0.0,0.0,0.0
173878542,-22.70,158.71,0.0,0.00,0.0,0.0,0.0
173964748,-22.70,158.89,0.0,0.00,0.0,0.0,0.0
174050954,-22.70,158.89,0.0,0.00,0.0,0.0,0.0
174137160,-22.70,159.06,0.0,0.00,0.0,0.0,0.0
174223366,-22.70,159.06,0.0,0.00,0.0,0.0,0.0
174309572,-22.70,159.06,0.0,0.00,0.0,0.0,0.0
174395778,-22.70,159.24,0.0,0.00,0.0,0.0,0.0
174481984,-22.70,159.24,0.0,0.00,0.0,0.0,0.0
174568190,-22.70,159.41,0.0,0.00,0.0,0.0,0.0
174654396,-22.70,159.41,0.0,0.00,0.0,0.0,0.0
174740602,-22.70,159.41,0.0,0.00,0.0,0.0,0.0
174826808,-22.70,159.59,0.0,0.00,0.0,0.0,0.0
174913014,-22.70,159.59,0.0,0.00,0.0,0.0,0.0
174999220,-22.70,159.77,0.0,0.00,0.0,0.0,0.0
175085426,-22.70,159.77,0.0,0.00,0.0,0.0,0.0
175171632,-22.70,159.77,0.0,0.00,0.0,0.0,0.0
175257838,-22.70,159.94,0.0,0.00,0.0,0.0,0.0
175344044,-22.70,160.12,0.0,0.00,0.0,0.0,0.0
175430250,-22.70,160.12,0.0,0.00,0.0,0.0,0.0
175516456,-22.70,160.12,0.0,0.00,0.0,0.0,0.0
175602662,-22.70,160.12,0.0,0.00,0.0,0.0,0.0
175688868,-22.70,159.94,0.0,0.00,0.0,0.0,0.0
175775074,-22.70,160.29,0.0,0.00,0.0,0.0,0.0
175861280,-22.70,160.47,0.0,0.00,0.0,0.0,0.0
175947486,-22.70,160.47,0.0,0.00,0.0,0.0,0.0
176033692,-22.70,160.29,0.0,0.00,0.0,0.0,0.0
176119898,-22.70,160.29,0.0,0.00,0.0,0.0,0.0
176206104,-22.70,160.29,0.0,0.00,0.0,0.0,0.0
176292310,-22.70,160.47,0.0,0.00,0.0,0.0,0.0
176378516,-22.70,160.65,0.0,0.00,0.0,0.0,0.0
176464722,-22.70,160.82,0.0,0.00,0.0,0.0,0.0
176550928,-22.70,160.65,0.0,0.00,0.0,0.0,0.0
176637134,-22.70,160.65,0.0,0.00,0.0,0.0,0.0
176723340,-22.70,160.65,0.0,0.00,0.0,0.0,0.0
176809546,-22.70,160.82,0.0,0.00,0.0,0.0,0.0
176895752,-22.64,161.00,0.0,0.00,0.0,0.0,0.0
176981958,-22.64,161.00,0.0,0.00,0.0,0.0,0.0
177068164,-22.70,160.12,0.0,0.00,0.0,0.0,0.0
177154370,-22.70,160.65,0.0,0.00,0.0,0.0,0.0
177240576,-22.64,161.00,0.0,0.00,0.0,0.0,0.0
177326782,-22.64,160.82,0.0,0.00,0.0,0.0,0.0
177412988,-22.64,161.00,0.0,0.00,0.0,0.0,0.0
177499194,-22.64,161.17,0.0,0.00,0.0,0.0,0.0
177585400,-22.64,159.94,0.0,0.00,0.0,0.0,0.0
177671606,-22.64,161.17,0.0,0.00,0.0,0.0,0.0
177757812,-22.64,161.00,0.0,0.00,0.0,0.0,0.0
177844018,-22.64,161.17,0.0,0.00,0.0,0.0,0.0
177930224,-22.64,158.71,0.0,0.00,0.0,0.0,0.0
178016430,-22.64,160.29,0.0,0.00,0.0,0.0,0.0
178102636,-22.64,160.29,0.0,0.00,0.0,0.0,0.0
178188842,-22.64,159.94,0.0,0.00,0.0,0.0,0.0
178275048,-22.64,159.41,0.0,0.00,0.0,0.0,0.0
178361254,-22.64,160.82,0.0,0.00,0.0,0.0,0.0
178447460,-22.64,160.12,0.0,0.00,0.0,0.0,0.0
178533666,-22.58,159.41,0.0,0.00,0.0,0.0,0.0
178619872,-22.64,158.71,0.0,0.00,0.0,0.0,0.0
178706078,-22.64,159.41,0.0,0.00,0.0,0.0,0.0
178792284,-22.64,160.47,0.0,0.00,0.0,0.0,0.0
178878490,-22.64,161.35,0.0,0.00,0.0,0.0,0.0
178964696,-22.58,157.13,0.0,0.00,0.0,0.0,0.0
179050902,-22.64,160.12,0.0,0.00,0.0,0.0,0.0
179137108,-22.64,159.41,0.0,0.00,0.0,0.0,0.0
179223314,-22.64,160.82,0.0,0.00,0.0,0.0,0.0
179309520,-22.64,161.35,0.0,0.00,0.0,0.0,0.0
179395726,-22.58,158.89,0.0,0.00,0.0,0.0,0.0
179481932,-22.58,159.06,0.0,0.00,0.0,0.0,0.0
179568138,-22.64,159.94,0.0,0.00,0.0,0.0,0.0
179654344,-22.64,160.29,0.0,0.00,0.0,0.0,0.0
179740550,-22.58,159.77,0.0,0.00,0.0,0.0,0.0
179826756,-22.58,155.72,0.0,0.00,0.0,0.0,0.0
179912962,-22.58,158.89,0.0,0.00,0.0,0.0,0.0
