Frequency(Hz),Return Loss(dB),Phase(deg),Rs,SWR,Xs,|Z|,Theta
1000000,-0.06,47.68,1.0,296.77,113.1,113.1,89.5
1063577,-0.00,5.81,0.0,?,985.9,985.9,90.0
1127154,-0.00,6.51,0.0,?,879.1,879.1,90.0
1190731,-0.00,7.21,0.0,?,793.2,793.2,90.0
1254308,-0.00,8.09,0.0,?,706.7,706.7,90.0
1317885,-0.00,8.97,0.0,?,637.2,637.2,90.0
1381462,0.04,10.03,13.9,470.92,569.5,569.7,88.6
1445039,-0.00,10.91,0.0,?,523.6,523.6,90.0
1508616,-0.00,11.79,0.0,?,484.3,484.3,90.0
1572193,-0.00,12.67,0.0,?,450.4,450.4,90.0
1635770,-0.00,13.55,0.0,?,420.9,420.9,90.0
1699347,-0.00,14.60,0.0,?,390.2,390.2,90.0
1762924,-0.00,15.48,0.0,?,367.8,367.8,90.0
1826501,-0.00,16.54,0.0,?,344.0,344.0,90.0
1890078,-0.00,17.42,0.0,?,326.4,326.4,90.0
1953655,-0.00,18.30,0.0,?,310.4,310.4,90.0
2017232,-0.06,19.35,5.8,305.32,293.1,293.2,88.9
2080809,-0.06,20.23,5.5,296.77,280.1,280.2,88.9
2144386,-0.06,21.11,5.0,296.77,268.2,268.2,88.9
2207963,-0.06,22.17,4.6,296.77,255.1,255.2,89.0
2271540,-0.12,23.05,8.4,148.39,244.9,245.1,88.0
2335117,-0.12,23.93,7.8,148.39,235.7,235.8,88.1
2398694,-0.12,24.99,7.2,148.39,225.5,225.6,88.2
2462271,-0.12,25.87,6.7,148.39,217.5,217.6,88.2
2525848,-0.12,26.92,6.2,148.39,208.7,208.8,88.3
2589425,-0.12,27.98,5.8,148.39,200.6,200.6,88.4
2653002,-0.12,28.86,5.4,148.39,194.2,194.3,88.4
2716579,-0.12,29.91,5.1,148.39,187.0,187.1,88.5
2780156,-0.12,30.97,4.7,148.39,180.4,180.4,88.5
2843733,-0.18,32.02,6.6,98.93,174.0,174.1,87.8
2907310,-0.18,33.08,6.2,98.93,168.2,168.3,87.9
2970887,-0.18,34.13,5.9,98.93,162.7,162.8,87.9
3034464,-0.18,35.19,5.5,98.93,157.5,157.6,88.0
3098041,-0.29,36.25,8.7,59.41,152.3,152.6,86.7
3161618,-0.29,37.30,8.2,59.36,147.7,148.0,86.8
3225195,-0.29,38.53,7.7,59.36,142.7,142.9,86.9
3288772,-0.35,39.59,8.8,49.47,138.4,138.7,86.4
3352349,-0.35,40.65,8.4,49.47,134.5,134.8,86.4
3415926,-0.41,41.88,9.2,42.40,130.1,130.4,86.0
3479503,-0.41,42.93,8.8,42.40,126.6,126.9,86.0
3543080,-0.47,44.16,9.5,37.10,122.6,123.0,85.6
3606657,-0.47,45.22,9.1,37.10,119.5,119.8,85.7
3670234,-0.53,46.45,9.7,32.98,115.8,116.2,85.2
3733811,-0.53,47.68,9.2,32.98,112.5,112.9,85.3
3797388,-0.59,48.91,9.8,29.69,109.2,109.6,84.9
3860965,-0.64,50.15,10.3,26.99,106.1,106.6,84.5
3924542,-0.70,51.20,10.7,24.74,103.4,104.0,84.1
3988119,-0.76,52.61,11.1,22.84,100.2,100.8,83.7
4051696,-0.76,53.67,10.7,22.84,97.9,98.5,83.8
4115273,-0.82,55.07,10.9,21.21,94.9,95.5,83.4
4178850,-0.88,56.30,11.2,19.80,92.4,93.1,83.1
4242427,-0.94,57.54,11.5,18.57,89.9,90.7,82.7
4306004,-1.00,58.77,11.8,17.48,87.6,88.4,82.4
4369581,-1.05,60.00,12.0,16.51,85.3,86.2,82.0
4433158,-1.19,61.41,12.9,14.67,82.7,83.7,81.1
4496735,-1.29,62.64,13.5,13.51,80.5,81.7,80.5
4560312,-1.35,64.05,13.5,12.93,78.3,79.4,80.2
4623889,-1.46,65.28,14.2,11.90,76.2,77.5,79.4
4687466,-1.52,66.69,14.2,11.44,74.1,75.5,79.1
4751043,-1.58,67.92,14.3,11.02,72.3,73.7,78.8
4814620,-1.70,69.33,14.8,10.27,70.2,71.8,78.1
4878197,-1.81,70.73,15.2,9.61,68.2,69.9,77.4
4941774,-1.87,72.14,15.2,9.31,66.4,68.1,77.1
5005351,-1.99,73.37,15.6,8.77,64.7,66.6,76.4
5068928,-2.11,74.78,16.0,8.28,62.9,64.9,75.8
5132505,-2.22,76.19,16.3,7.85,61.1,63.3,75.1
5196082,-2.34,77.60,16.6,7.46,59.4,61.7,74.4
5259659,-2.46,79.00,16.9,7.11,57.8,60.2,73.7
5323236,-2.58,80.41,17.1,6.79,56.2,58.7,73.0
5386813,-2.75,81.82,17.7,6.37,54.5,57.3,72.0
5450390,-2.87,83.23,17.9,6.11,53.0,55.9,71.3
5513967,-3.04,84.63,18.5,5.77,51.4,54.6,70.2
5577544,-3.16,86.04,18.6,5.56,50.0,53.3,69.5
5641121,-3.34,87.45,19.1,5.27,48.5,52.1,68.5
5704698,-3.51,88.86,19.5,5.01,47.0,50.9,67.4
5768275,-3.69,90.44,19.9,4.78,45.5,49.6,66.4
5831852,-3.86,91.85,20.3,4.57,44.1,48.6,65.3
5895429,-4.04,93.26,20.7,4.38,42.8,47.5,64.2
5959006,-4.31,94.66,21.4,4.11,41.3,46.5,62.6
6022583,-4.51,96.07,21.8,3.94,40.0,45.5,61.4
6086160,-4.74,97.48,22.3,3.75,38.6,44.6,60.0
6149737,-4.92,99.06,22.6,3.63,37.3,43.6,58.9
6213314,-5.21,100.47,23.3,3.43,36.0,42.8,57.1
6276891,-5.44,101.88,23.7,3.29,34.7,42.1,55.7
6340468,-5.68,103.11,24.2,3.17,33.6,41.4,54.2
6404045,-5.91,104.52,24.6,3.05,32.5,40.7,52.8
6467622,-6.20,105.92,25.2,2.92,31.2,40.1,51.1
6531199,-6.50,107.33,25.8,2.80,30.0,39.5,49.3
6594776,-6.79,108.56,26.3,2.69,28.9,39.1,47.7
6658353,-7.08,109.97,26.8,2.59,27.8,38.6,46.0
6721930,-7.43,111.20,27.5,2.48,26.6,38.3,44.0
6785507,-7.79,112.61,28.2,2.38,25.4,37.9,42.1
6849084,-8.14,113.84,28.8,2.29,24.4,37.7,40.3
6912661,-8.49,115.07,29.4,2.21,23.3,37.5,38.5
6976238,-8.84,116.30,30.0,2.13,22.3,37.4,36.7
7039815,-9.35,117.54,30.9,2.03,21.1,37.4,34.4
7103392,-9.78,118.77,31.6,1.96,20.1,37.4,32.5
7166969,-10.24,120.00,32.3,1.89,19.0,37.5,30.5
7230546,-10.65,121.06,32.9,1.83,18.1,37.6,28.8
7294123,-11.18,122.11,33.7,1.76,17.1,37.8,26.8
7357700,-11.71,123.17,34.5,1.70,16.1,38.1,25.0
7421277,-12.23,124.05,35.3,1.65,15.2,38.4,23.3
7484854,-12.82,124.93,36.1,1.59,14.3,38.8,21.6
7548431,-13.46,125.81,36.9,1.54,13.3,39.2,19.8
7612008,-14.11,126.51,37.7,1.49,12.4,39.7,18.2
7675585,-14.81,127.21,38.6,1.44,11.6,40.3,16.7
7739162,-15.57,127.74,39.5,1.40,10.7,40.9,15.2
7802739,-16.39,128.09,40.4,1.36,9.9,41.6,13.7
7866316,-17.33,128.09,41.4,1.31,9.0,42.3,12.3
7929893,-18.38,127.92,42.4,1.27,8.2,43.2,10.9
7993470,-19.53,127.39,43.4,1.24,7.4,44.0,9.6
8057047,-20.84,126.33,44.4,1.20,6.6,44.9,8.4
8120624,-22.24,124.57,45.4,1.17,5.8,45.8,7.3
8184201,-23.88,121.58,46.5,1.14,5.1,46.8,6.2
8247778,-25.81,116.66,47.6,1.11,4.4,47.8,5.2
8311355,-27.92,108.56,48.6,1.08,3.7,48.7,4.4
8374932,-29.85,95.19,49.6,1.07,3.2,49.7,3.7
8438509,-31.02,74.25,50.7,1.06,2.7,50.8,3.1
8502086,-30.32,49.27,52.0,1.06,2.4,52.0,2.6
8565663,-28.62,26.92,53.4,1.08,1.8,53.4,1.9
8629240,-26.58,13.02,54.8,1.10,1.2,54.8,1.2
8692817,-24.76,7.04,56.1,1.12,0.8,56.1,0.8
8756394,-23.18,4.57,57.4,1.15,0.6,57.4,0.6
8819971,-21.78,2.99,58.9,1.18,0.5,58.9,0.5
8883548,-20.55,2.64,60.3,1.21,0.5,60.4,0.5
8947125,-19.52,2.64,61.8,1.24,0.6,61.8,0.6
9010702,-18.61,2.64,63.3,1.27,0.7,63.3,0.6
9074279,-17.74,2.64,64.9,1.30,0.8,64.9,0.7
9137856,-16.98,2.64,66.5,1.33,0.9,66.5,0.8
9201433,-16.27,2.46,68.1,1.36,0.9,68.1,0.8
9265010,-15.63,2.29,69.8,1.40,0.9,69.8,0.8
9328587,-15.10,2.11,71.3,1.43,1.0,71.3,0.8
9392164,-14.52,1.94,73.1,1.46,1.0,73.1,0.8
9455741,-14.05,1.76,74.7,1.50,0.9,74.7,0.7
9519318,-13.58,1.58,76.5,1.53,0.9,76.5,0.7
9582895,-13.11,1.41,78.4,1.57,0.9,78.4,0.7
9646472,-12.70,1.41,80.1,1.60,1.0,80.1,0.7
9710049,-12.31,1.41,82.0,1.64,1.0,82.0,0.7
9773626,-12.00,1.41,83.5,1.67,1.1,83.5,0.8
9837203,-11.65,1.23,85.4,1.71,1.0,85.4,0.7
9900780,-11.30,1.23,87.4,1.75,1.1,87.4,0.7
9964357,-11.00,1.41,89.2,1.78,1.3,89.2,0.9
10027934,-10.71,1.41,91.1,1.82,1.4,91.1,0.9
10091511,-10.42,1.58,93.1,1.86,1.7,93.1,1.0
10155088,-10.13,1.76,95.2,1.91,2.0,95.2,1.2
10218665,-9.89,2.11,97.0,1.94,2.5,97.0,1.5
10282242,-9.60,2.46,99.4,1.99,3.2,99.4,1.8
10345819,-9.37,2.99,101.3,2.03,4.1,101.4,2.3
10409396,-9.13,3.52,103.4,2.07,5.1,103.5,2.8
10472973,-8.90,4.22,105.5,2.12,6.4,105.7,3.5
10536550,-8.72,4.93,107.1,2.16,7.8,107.4,4.2
10600127,-8.49,5.63,109.3,2.21,9.4,109.7,4.9
10663704,-8.37,6.51,110.3,2.23,11.2,110.8,5.8
10727281,-8.20,7.39,111.8,2.27,13.2,112.6,6.7
10790858,-8.02,8.09,113.4,2.32,15.1,114.4,7.6
10854435,-7.84,8.97,114.9,2.36,17.4,116.2,8.6
10918012,-7.67,9.85,116.4,2.41,19.9,118.1,9.7
10981589,-7.49,10.73,117.8,2.46,22.5,120.0,10.8
11045166,-7.32,11.61,119.2,2.51,25.4,121.8,12.0
11108743,-7.20,12.49,119.7,2.55,27.9,122.9,13.1
11172320,-7.02,13.37,120.8,2.61,31.1,124.8,14.4
11235897,-6.91,14.25,121.1,2.65,33.8,125.8,15.6
11299474,-6.73,15.13,122.0,2.71,37.3,127.6,17.0
11363051,-6.61,16.01,122.0,2.75,40.2,128.5,18.2
11426628,-6.50,16.89,121.9,2.80,43.2,129.3,19.5
11490205,-6.38,17.77,121.6,2.84,46.3,130.1,20.8
11553782,-6.32,18.48,120.9,2.87,48.3,130.2,21.8
11617359,-6.20,19.35,120.3,2.92,51.3,130.8,23.1
11680936,-6.09,20.23,119.6,2.97,54.5,131.4,24.5
11744513,-5.97,21.11,118.7,3.02,57.6,131.9,25.9
11808090,-5.85,21.99,117.6,3.08,60.7,132.4,27.3
11871667,-5.74,22.70,116.9,3.14,63.6,133.0,28.5
11935244,-5.62,23.58,115.4,3.20,66.6,133.3,30.0
11998821,-5.56,24.46,113.5,3.23,68.6,132.6,31.2
12062398,-5.44,25.34,111.8,3.29,71.5,132.7,32.6
12125975,-5.33,26.04,110.4,3.36,74.3,133.0,33.9
12189552,-5.27,26.92,108.1,3.40,76.0,132.1,35.1
12253129,-5.15,27.80,106.0,3.47,78.7,132.0,36.6
12316706,-5.09,28.68,103.6,3.51,80.1,130.9,37.7
12380283,-4.98,29.38,101.7,3.59,82.5,131.0,39.1
12443860,-4.97,30.26,99.2,3.59,82.8,129.2,39.9
12507437,-4.86,30.97,97.2,3.67,84.9,129.0,41.1
12571014,-4.80,31.85,94.6,3.71,85.9,127.8,42.2
12634591,-4.74,32.73,92.0,3.75,86.8,126.5,43.3
12698168,-4.62,33.43,89.8,3.84,88.7,126.2,44.6
12761745,-4.57,34.31,87.2,3.89,89.4,124.9,45.7
12825322,-4.51,35.19,84.7,3.94,89.9,123.5,46.7
12888899,-4.45,35.89,82.6,3.99,90.5,122.5,47.6
12952476,-4.33,36.60,80.2,4.09,92.0,122.0,48.9
13016053,-4.27,37.48,77.6,4.15,92.2,120.5,49.9
13079630,-4.21,38.36,75.1,4.20,92.4,119.0,50.9
13143207,-4.16,39.06,73.0,4.26,92.6,117.9,51.7
13206784,-4.10,39.94,70.6,4.32,92.6,116.4,52.7
13270361,-4.04,40.65,68.6,4.38,92.7,115.3,53.5
13333938,-3.98,41.35,66.6,4.44,92.7,114.2,54.3
13397515,-3.92,42.23,64.3,4.50,92.5,112.7,55.2
13461092,-3.91,42.93,62.8,4.52,91.8,111.2,55.6
13524669,-3.86,43.81,60.6,4.57,91.3,109.6,56.4
13588246,-3.80,44.52,58.8,4.64,91.2,108.5,57.2
13651823,-3.75,45.22,57.0,4.71,91.0,107.4,57.9
13715400,-3.69,46.10,54.9,4.78,90.5,105.9,58.7
13778977,-3.63,46.80,53.2,4.86,90.2,104.7,59.5
13842554,-3.57,47.68,51.2,4.93,89.6,103.3,60.2
13906131,-3.51,48.39,49.6,5.01,89.3,102.1,60.9
13969708,-3.45,49.09,48.0,5.10,88.9,101.0,61.6
14033285,-3.40,49.97,46.2,5.18,88.2,99.5,62.4
14096862,-3.40,50.67,45.2,5.18,87.2,98.2,62.6
14160439,-3.34,51.38,43.7,5.27,86.7,97.1,63.3
14224016,-3.28,52.26,42.0,5.36,86.0,95.7,64.0
14287593,-3.22,52.96,40.6,5.46,85.4,94.6,64.6
14351170,-3.16,53.67,39.2,5.56,84.9,93.5,65.2
14414747,-3.16,54.55,38.2,5.56,83.6,92.0,65.5
14478324,-3.10,55.25,36.9,5.66,83.1,90.9,66.1
14541901,-3.04,55.95,35.6,5.77,82.5,89.9,66.7
14605478,-2.99,56.66,34.4,5.88,81.9,88.8,67.2
14669055,-3.04,57.36,34.2,5.77,80.6,87.5,67.0
14732632,-2.99,58.24,32.9,5.88,79.7,86.2,67.6
14796209,-2.93,58.94,31.7,5.99,79.1,85.2,68.2
14859786,-2.93,59.65,31.1,5.99,78.2,84.1,68.3
14923363,-2.87,60.35,30.0,6.11,77.5,83.2,68.8
14986940,-2.81,61.06,28.9,6.24,76.9,82.2,69.4
15050517,-2.81,61.94,28.3,6.24,75.8,80.9,69.5
15114094,-2.75,62.64,27.2,6.37,75.1,79.9,70.1
15177671,-2.69,63.34,26.3,6.50,74.5,79.0,70.6
15241248,-2.69,64.05,25.8,6.50,73.6,78.0,70.7
15304825,-2.63,64.75,24.8,6.65,73.0,77.1,71.2
15368402,-2.63,65.45,24.4,6.65,72.1,76.1,71.3
15431979,-2.58,66.16,23.5,6.79,71.4,75.2,71.8
15495556,-2.58,66.86,23.1,6.79,70.6,74.3,71.9
15559133,-2.52,67.57,22.2,6.95,70.0,73.4,72.4
15622710,-2.46,68.27,21.4,7.11,69.3,72.5,72.8
15686287,-2.46,69.15,21.0,7.11,68.3,71.4,72.9
15749864,-2.40,69.85,20.2,7.28,67.6,70.6,73.4
15813441,-2.40,70.56,19.8,7.28,66.8,69.7,73.5
15877018,-2.34,71.26,19.1,7.46,66.2,68.9,73.9
15940595,-2.34,71.96,18.8,7.46,65.4,68.0,74.0
16004172,-2.28,72.67,18.0,7.65,64.8,67.2,74.4
16067749,-2.28,73.37,17.8,7.65,64.0,66.4,74.5
16131326,-2.22,74.08,17.1,7.85,63.4,65.6,74.9
16194903,-2.22,74.78,16.8,7.85,62.6,64.8,75.0
16258480,-2.17,75.48,16.1,8.06,62.0,64.1,75.4
16322057,-2.17,76.19,15.9,8.06,61.3,63.3,75.5
16385634,-2.11,76.89,15.3,8.28,60.7,62.6,75.9
16449211,-2.11,77.60,15.0,8.28,59.9,61.8,75.9
16512788,-2.05,78.30,14.4,8.52,59.3,61.1,76.3
16576365,-2.05,79.00,14.2,8.52,58.6,60.3,76.4
16639942,-2.05,79.71,14.0,8.52,57.9,59.6,76.4
16703519,-1.99,80.41,13.4,8.77,57.3,58.9,76.8
16767096,-1.99,81.11,13.3,8.77,56.7,58.2,76.8
16830673,-1.93,81.82,12.7,9.03,56.1,57.5,77.2
16894250,-1.93,82.52,12.5,9.03,55.4,56.8,77.3
16957827,-1.87,83.23,12.0,9.31,54.8,56.1,77.7
17021404,-1.87,83.93,11.8,9.31,54.2,55.5,77.7
17084981,-1.87,84.63,11.7,9.31,53.5,54.8,77.7
17148558,-1.81,85.34,11.2,9.61,53.0,54.1,78.1
17212135,-1.81,86.04,11.0,9.61,52.3,53.5,78.1
17275712,-1.78,86.74,10.7,9.79,51.8,52.9,78.3
17339289,-1.79,87.45,10.6,9.76,51.1,52.2,78.3
17402866,-1.76,88.15,10.3,9.93,50.6,51.6,78.5
17466443,-1.70,88.68,9.9,10.27,50.2,51.1,78.9
17530020,-1.70,89.38,9.8,10.27,49.6,50.5,78.9
17593597,-1.70,90.09,9.6,10.27,49.0,49.9,78.9
17657174,-1.64,90.79,9.2,10.63,48.5,49.3,79.3
17720751,-1.64,91.50,9.1,10.63,47.9,48.7,79.2
17784328,-1.53,92.20,8.4,11.40,47.4,48.1,80.0
17847905,-1.52,92.90,8.3,11.44,46.8,47.6,80.0
17911482,-1.52,93.61,8.2,11.44,46.3,47.0,80.0
17975059,-1.46,94.31,7.8,11.90,45.8,46.4,80.4
18038636,-1.47,95.01,7.7,11.83,45.2,45.9,80.3
18102213,-1.51,95.72,7.8,11.53,44.6,45.3,80.0
18165790,-1.40,96.42,7.2,12.39,44.2,44.8,80.7
18229367,-1.40,97.13,7.1,12.39,43.6,44.2,80.7
18292944,-1.40,97.83,7.1,12.39,43.1,43.7,80.7
18356521,-1.35,98.53,6.7,12.93,42.6,43.1,81.1
18420098,-1.35,99.06,6.7,12.93,42.2,42.7,81.0
18483675,-1.35,99.77,6.6,12.93,41.7,42.2,81.0
18547252,-1.35,100.47,6.5,12.93,41.2,41.7,81.0
18610829,-1.29,101.17,6.2,13.51,40.7,41.2,81.4
18674406,-1.29,101.88,6.1,13.51,40.2,40.7,81.4
18737983,-1.29,102.58,6.1,13.51,39.7,40.2,81.3
18801560,-1.23,103.28,5.7,14.16,39.2,39.7,81.7
18865137,-1.23,103.81,5.7,14.16,38.9,39.3,81.7
18928714,-1.23,104.52,5.6,14.16,38.4,38.8,81.7
18992291,-1.17,105.22,5.3,14.86,37.9,38.3,82.0
19055868,-1.17,105.92,5.3,14.86,37.5,37.8,82.0
19119445,-1.17,106.63,5.2,14.86,37.0,37.4,82.0
19183022,-1.17,107.33,5.2,14.86,36.5,36.9,81.9
19246599,-1.11,107.86,4.9,15.64,36.2,36.5,82.3
19310176,-1.11,108.56,4.8,15.64,35.7,36.1,82.3
19373753,-1.11,109.27,4.8,15.64,35.3,35.6,82.3
19437330,-1.05,109.97,4.5,16.51,34.8,35.1,82.6
19500907,-1.05,110.67,4.5,16.51,34.4,34.7,82.6
19564484,-1.02,111.38,4.3,17.07,34.0,34.2,82.8
19628061,-1.00,111.91,4.2,17.48,33.6,33.9,82.9
19691638,-1.00,112.61,4.1,17.48,33.2,33.4,82.9
19755215,-0.94,113.31,3.9,18.57,32.8,33.0,83.3
19818792,-0.94,114.02,3.8,18.57,32.3,32.6,83.3
19882369,-0.94,114.72,3.8,18.57,31.9,32.1,83.2
19945946,-0.94,115.25,3.8,18.57,31.6,31.8,83.2
20009523,-0.88,115.95,3.5,19.80,31.2,31.4,83.6
20073100,-0.88,116.66,3.5,19.80,30.7,30.9,83.5
20136677,-0.88,117.36,3.5,19.80,30.3,30.5,83.5
20200254,-0.88,118.06,3.4,19.80,29.9,30.1,83.5
20263831,-0.82,118.59,3.2,21.21,29.6,29.8,83.9
20327408,-0.82,119.30,3.2,21.21,29.2,29.4,83.8
20390985,-0.82,120.00,3.1,21.21,28.8,29.0,83.8
20454562,-0.82,120.70,3.1,21.21,28.4,28.5,83.7
20518139,-0.76,121.41,2.9,22.84,28.0,28.1,84.1
20581716,-0.76,122.11,2.9,22.84,27.6,27.7,84.1
20645293,-0.72,122.64,2.7,23.98,27.3,27.4,84.3
20708870,-0.70,123.34,2.6,24.74,26.9,27.0,84.5
20772447,-0.70,124.05,2.6,24.74,26.5,26.6,84.4
20836024,-0.64,124.75,2.4,26.99,26.1,26.2,84.8
20899601,-0.64,125.45,2.3,26.99,25.7,25.8,84.8
20963178,-0.64,125.98,2.3,26.99,25.4,25.5,84.8
21026755,-0.64,126.69,2.3,26.99,25.1,25.2,84.7
21090332,-0.64,127.39,2.3,26.99,24.7,24.8,84.7
21153909,-0.59,128.09,2.1,29.69,24.3,24.4,85.1
21217486,-0.59,128.80,2.1,29.69,23.9,24.0,85.1
21281063,-0.59,129.33,2.1,29.69,23.6,23.7,85.0
21344640,-0.59,130.03,2.0,29.69,23.3,23.4,85.0
21408217,-0.59,130.73,2.0,29.69,22.9,23.0,84.9
21471794,-0.56,131.44,1.9,30.92,22.5,22.6,85.1
21535371,-0.47,132.14,1.6,37.10,22.2,22.2,85.8
21598948,-0.47,132.84,1.6,37.10,21.8,21.9,85.8
21662525,-0.47,133.37,1.6,37.10,21.5,21.6,85.8
21726102,-0.47,134.08,1.6,37.10,21.2,21.2,85.7
21789679,-0.47,134.78,1.6,37.10,20.8,20.9,85.7
21853256,-0.47,135.48,1.6,37.10,20.4,20.5,85.6
21916833,-0.41,136.19,1.4,42.40,20.1,20.1,86.1
21980410,-0.41,136.89,1.4,42.40,19.7,19.8,86.0
22043987,-0.41,137.42,1.4,42.40,19.5,19.5,86.0
22107564,-0.41,138.12,1.4,42.40,19.1,19.2,86.0
22171141,-0.41,138.83,1.3,42.40,18.8,18.8,85.9
22234718,-0.40,139.53,1.3,43.15,18.4,18.5,85.9
22298295,-0.35,140.06,1.1,49.47,18.2,18.2,86.4
22361872,-0.29,140.76,0.9,59.36,17.8,17.8,87.0
22425449,-0.29,141.47,0.9,59.36,17.5,17.5,86.9
22489026,-0.29,142.17,0.9,59.36,17.1,17.2,86.9
22552603,-0.29,142.70,0.9,59.36,16.9,16.9,86.8
22616180,-0.29,143.40,0.9,59.36,16.5,16.6,86.8
22679757,-0.29,144.11,0.9,59.36,16.2,16.2,86.7
22743334,-0.29,144.81,0.9,59.36,15.9,15.9,86.7
22806911,-0.29,145.51,0.9,59.36,15.5,15.5,86.6
22870488,-0.23,146.04,0.7,74.20,15.3,15.3,87.2
22934065,-0.23,146.74,0.7,74.20,14.9,14.9,87.2
22997642,-0.18,147.45,0.6,94.03,14.6,14.6,87.7
23061219,-0.18,148.15,0.5,98.93,14.3,14.3,87.8
23124796,-0.18,148.68,0.5,98.93,14.0,14.0,87.8
23188373,-0.18,149.38,0.5,98.93,13.7,13.7,87.7
23251950,-0.18,150.09,0.5,98.93,13.4,13.4,87.7
23315527,-0.12,150.79,0.4,148.39,13.0,13.0,88.4
23379104,-0.12,151.50,0.4,148.39,12.7,12.7,88.4
23442681,-0.12,152.02,0.4,148.39,12.5,12.5,88.4
23506258,-0.12,152.73,0.4,148.39,12.1,12.1,88.3
23569835,-0.09,153.43,0.3,183.84,11.8,11.8,88.6
23633412,-0.06,154.13,0.2,296.77,11.5,11.5,89.1
23696989,-0.06,154.84,0.2,296.77,11.2,11.2,89.1
23760566,-0.06,155.54,0.2,296.77,10.8,10.8,89.1
23824143,-0.06,156.07,0.2,296.77,10.6,10.6,89.0
23887720,-0.06,156.77,0.2,296.77,10.3,10.3,89.0
23951297,-0.00,157.48,0.0,?,10.0,10.0,90.0
24014874,-0.06,158.18,0.2,296.77,9.6,9.6,89.0
24078451,-0.00,158.89,0.0,?,9.3,9.3,90.0
24142028,-0.06,159.41,0.2,296.77,9.1,9.1,88.9
24205605,-0.00,160.12,0.0,?,8.8,8.8,90.0
24269182,0.06,160.82,0.2,296.77,8.4,8.4,88.8
24332759,0.06,161.35,0.2,296.77,8.2,8.2,88.8
24396336,0.06,162.05,0.2,296.77,7.9,7.9,88.7
24459913,0.06,162.76,0.2,296.77,7.6,7.6,88.7
24523490,0.06,163.28,0.2,296.77,7.3,7.3,88.7
24587067,0.06,163.99,0.2,296.77,7.0,7.0,88.6
24650644,0.06,164.52,0.2,296.77,6.8,6.8,88.6
24714221,0.06,165.22,0.2,296.77,6.5,6.5,88.5
24777798,0.06,165.92,0.2,296.77,6.2,6.2,88.4
24841375,0.15,166.45,0.4,114.58,5.9,6.0,85.7
24904952,0.18,167.16,0.5,98.93,5.6,5.7,84.8
24968529,0.18,167.86,0.5,98.93,5.3,5.3,84.5
25032106,0.18,168.39,0.5,98.93,5.1,5.1,84.3
25095683,0.18,169.09,0.5,98.93,4.8,4.8,83.9
25159260,0.18,169.79,0.5,98.93,4.5,4.5,83.5
25222837,0.23,170.50,0.7,74.20,4.2,4.2,80.7
25286414,0.23,171.38,0.7,73.98,3.8,3.8,79.8
25349991,0.29,172.08,0.8,59.36,3.5,3.6,76.3
25413568,0.23,172.79,0.7,74.20,3.2,3.2,77.9
25477145,0.23,173.49,0.7,74.20,2.8,2.9,76.6
25540722,0.23,174.19,0.7,74.20,2.5,2.6,75.1
25604299,0.23,174.72,0.7,74.20,2.3,2.4,73.7
25667876,0.23,175.43,0.7,74.20,2.0,2.1,71.3
25731453,0.23,175.95,0.7,74.20,1.8,1.9,69.1
25795030,0.26,176.66,0.8,66.05,1.5,1.6,62.6
25858607,0.29,177.36,0.8,59.36,1.2,1.4,53.8
25922184,0.29,177.89,0.8,59.36,0.9,1.2,47.5
25985761,0.29,178.59,0.8,59.36,0.6,1.0,36.1
26049338,0.29,179.12,0.8,59.36,0.4,0.9,24.5
26112915,0.29,179.65,0.8,59.36,0.2,0.9,10.3
26176492,0.35,180.00,1.0,49.47,0.0,1.0,0.0
26240069,0.29,180.00,0.8,59.36,0.0,0.8,0.0
26303646,0.41,180.00,1.2,42.55,0.0,1.2,0.0
26367223,0.41,180.00,1.2,42.40,0.0,1.2,0.0
26430800,0.41,180.00,1.2,42.40,0.0,1.2,0.0
26494377,0.41,180.00,1.2,42.40,0.0,1.2,0.0
26557954,0.41,180.00,1.2,42.40,0.0,1.2,0.0
26621531,0.41,180.00,1.2,42.40,0.0,1.2,0.0
26685108,0.41,180.00,1.2,42.40,0.0,1.2,0.0
26748685,0.41,180.00,1.2,42.40,0.0,1.2,0.0
26812262,0.44,180.00,1.3,39.81,0.0,1.3,0.0
26875839,0.47,180.00,1.3,37.10,0.0,1.3,0.0
26939416,0.47,180.00,1.3,37.10,0.0,1.3,0.0
27002993,0.47,180.00,1.3,37.10,0.0,1.3,0.0
27066570,0.47,179.47,1.3,37.10,0.2,1.4,9.7
27130147,0.47,178.77,1.3,37.10,0.5,1.5,21.7
27193724,0.47,178.06,1.3,37.10,0.8,1.6,32.1
27257301,0.47,177.54,1.3,37.10,1.1,1.7,38.5
27320878,0.47,176.83,1.3,37.10,1.4,1.9,45.7
27384455,0.47,176.13,1.3,37.10,1.7,2.2,51.4
27448032,0.47,175.60,1.4,36.83,1.9,2.4,54.7
27511609,0.53,174.90,1.5,32.98,2.2,2.7,55.7
27575186,0.53,174.19,1.5,32.98,2.5,3.0,59.0
27638763,0.53,173.67,1.5,32.98,2.8,3.2,61.2
27702340,0.53,172.96,1.5,32.98,3.1,3.4,63.7
27765917,0.53,172.26,1.5,32.98,3.4,3.7,65.7
27829494,0.53,171.73,1.5,32.98,3.6,3.9,67.1
27893071,0.53,171.03,1.5,32.98,3.9,4.2,68.7
27956648,0.56,170.50,1.6,31.12,4.2,4.5,68.7
28020225,0.59,169.79,1.7,29.69,4.5,4.8,69.2
28083802,0.59,169.27,1.7,29.69,4.7,5.0,70.1
28147379,0.59,168.56,1.7,29.69,5.0,5.3,71.2
28210956,0.59,168.04,1.7,29.69,5.2,5.5,72.0
28274533,0.59,167.33,1.7,29.69,5.5,5.8,72.9
28338110,0.59,166.63,1.7,29.69,5.9,6.1,73.7
28401687,0.59,166.10,1.7,29.69,6.1,6.3,74.3
28465264,0.64,165.40,1.9,26.99,6.4,6.7,73.6
28528841,0.64,164.87,1.9,26.99,6.6,6.9,74.1
28592418,0.64,164.16,1.9,26.99,6.9,7.2,74.8
28655995,0.64,163.46,1.9,26.99,7.3,7.5,75.4
28719572,0.64,162.93,1.9,26.99,7.5,7.7,75.8
28783149,0.64,162.23,1.9,26.99,7.8,8.0,76.3
28846726,0.64,161.70,1.9,26.99,8.0,8.3,76.7
28910303,0.67,161.00,2.0,25.95,8.4,8.6,76.7
28973880,0.70,160.47,2.1,24.74,8.6,8.8,76.4
29037457,0.64,159.77,1.9,26.99,8.9,9.1,77.9
29101034,0.70,159.06,2.1,24.74,9.2,9.5,77.2
29164611,0.70,158.53,2.1,24.74,9.5,9.7,77.5
29228188,0.64,157.83,1.9,26.99,9.8,10.0,78.9
29291765,0.70,157.30,2.1,24.74,10.0,10.2,78.2
29355342,0.64,156.60,1.9,26.99,10.3,10.5,79.4
29418919,0.70,155.89,2.1,24.90,10.7,10.9,78.9
29482496,0.70,155.37,2.1,24.74,10.9,11.1,79.0
29546073,0.70,154.66,2.1,24.74,11.2,11.4,79.3
29609650,0.70,154.13,2.1,24.74,11.5,11.7,79.5
29673227,0.70,153.43,2.1,24.74,11.8,12.0,79.7
29736804,0.70,152.90,2.1,24.74,12.0,12.2,79.9
29800381,0.70,152.20,2.1,24.74,12.4,12.5,80.2
29863958,0.72,151.67,2.2,24.05,12.6,12.8,80.0
29927535,0.76,150.97,2.3,22.84,12.9,13.1,79.8
29991112,0.76,150.44,2.3,22.84,13.2,13.4,79.9
30054689,0.76,149.74,2.3,22.84,13.5,13.7,80.1
30118266,0.76,149.21,2.4,22.84,13.7,13.9,80.3
30181843,0.76,148.50,2.4,22.84,14.1,14.3,80.5
30245420,0.76,147.98,2.4,22.84,14.3,14.5,80.6
30308997,0.76,147.27,2.4,22.84,14.7,14.8,80.8
30372574,0.76,146.57,2.4,22.84,15.0,15.2,81.0
30436151,0.81,146.04,2.6,21.38,15.2,15.4,80.5
30499728,0.82,145.34,2.6,21.21,15.6,15.8,80.6
30563305,0.82,144.81,2.6,21.21,15.8,16.0,80.7
30626882,0.82,144.11,2.6,21.21,16.2,16.4,80.8
30690459,0.82,143.58,2.6,21.21,16.4,16.6,81.0
30754036,0.82,143.05,2.6,21.21,16.7,16.9,81.1
30817613,0.82,142.35,2.6,21.21,17.0,17.2,81.2
30881190,0.76,141.64,2.5,22.84,17.4,17.5,82.0
30944767,0.78,141.11,2.5,22.21,17.6,17.8,81.8
31008344,0.82,140.59,2.7,21.21,17.9,18.1,81.5
31071921,0.82,139.88,2.7,21.21,18.2,18.4,81.7
31135498,0.82,139.35,2.7,21.21,18.5,18.7,81.7
31199075,0.82,138.65,2.7,21.21,18.8,19.0,81.9
31262652,0.82,138.12,2.7,21.21,19.1,19.3,81.9
31326229,0.82,137.60,2.7,21.21,19.3,19.5,82.0
31389806,0.82,136.89,2.7,21.21,19.7,19.9,82.1
31453383,0.82,136.36,2.7,21.21,20.0,20.2,82.2
31516960,0.82,135.66,2.7,21.21,20.3,20.5,82.3
31580537,0.88,135.13,2.9,19.84,20.6,20.8,81.8
31644114,0.88,134.43,3.0,19.80,20.9,21.2,81.9
31707691,0.88,133.90,3.0,19.80,21.2,21.4,82.0
31771268,0.88,133.20,3.0,19.80,21.6,21.8,82.1
31834845,0.82,132.67,2.8,21.21,21.9,22.0,82.7
31898422,0.82,132.14,2.8,21.21,22.1,22.3,82.7
31961999,0.82,131.44,2.8,21.21,22.5,22.7,82.8
32025576,0.82,130.91,2.8,21.21,22.8,23.0,82.9
32089153,0.82,130.21,2.9,21.21,23.1,23.3,82.9
32152730,0.82,129.68,2.9,21.21,23.4,23.6,83.0
32216307,0.82,129.15,2.9,21.21,23.7,23.9,83.1
32279884,0.82,128.45,2.9,21.21,24.1,24.3,83.1
32343461,0.86,127.92,3.1,20.21,24.4,24.5,82.8
32407038,0.88,127.21,3.1,19.80,24.7,24.9,82.8
32470615,0.88,126.69,3.2,19.80,25.0,25.2,82.8
32534192,0.88,126.16,3.2,19.80,25.3,25.5,82.9
32597769,0.88,125.45,3.2,19.80,25.7,25.9,82.9
32661346,0.82,124.93,3.0,21.21,26.0,26.2,83.4
32724923,0.82,124.40,3.0,21.21,26.3,26.5,83.5
32788500,0.82,123.70,3.0,21.21,26.7,26.9,83.5
32852077,0.82,123.17,3.0,21.21,27.0,27.1,83.6
32915654,0.82,122.64,3.1,21.21,27.3,27.4,83.6
32979231,0.82,121.94,3.1,21.21,27.7,27.8,83.6
33042808,0.82,121.41,3.1,21.21,28.0,28.1,83.7
33106385,0.82,120.88,3.1,21.21,28.3,28.4,83.7
33169962,0.82,120.35,3.1,21.21,28.6,28.7,83.8
33233539,0.76,119.65,2.9,22.84,29.0,29.1,84.2
33297116,0.76,119.12,2.9,22.84,29.3,29.5,84.3
33360693,0.80,118.59,3.1,21.74,29.6,29.8,84.0
33424270,0.82,118.06,3.2,21.21,29.9,30.1,83.9
33487847,0.82,117.36,3.2,21.21,30.3,30.5,83.9
33551424,0.82,116.83,3.2,21.21,30.6,30.8,84.0
33615001,0.82,116.30,3.3,21.21,31.0,31.1,84.0
33678578,0.82,115.78,3.3,21.21,31.3,31.5,84.0
33742155,0.82,115.07,3.3,21.21,31.7,31.9,84.0
33805732,0.82,114.55,3.3,21.21,32.0,32.2,84.1
33869309,0.82,114.02,3.3,21.21,32.4,32.5,84.1
33932886,0.76,113.49,3.1,22.84,32.7,32.8,84.5
33996463,0.76,112.79,3.2,22.84,33.1,33.3,84.6
34060040,0.76,112.26,3.2,22.84,33.5,33.6,84.6
34123617,0.76,111.73,3.2,22.84,33.8,34.0,84.6
34187194,0.76,111.20,3.2,22.84,34.1,34.3,84.6
34250771,0.76,110.67,3.2,22.84,34.5,34.6,84.6
34314348,0.76,109.97,3.3,22.84,34.9,35.1,84.7
34377925,0.76,109.44,3.3,22.84,35.3,35.4,84.7
34441502,0.76,108.91,3.3,22.84,35.6,35.8,84.7
34505079,0.76,108.39,3.3,22.84,36.0,36.1,84.7
34568656,0.70,107.86,3.1,24.74,36.3,36.5,85.1
34632233,0.70,107.16,3.1,24.74,36.8,36.9,85.2
34695810,0.76,106.63,3.4,22.98,37.1,37.3,84.8
34759387,0.76,106.10,3.4,22.84,37.5,37.7,84.8
34822964,0.76,105.57,3.4,22.84,37.9,38.0,84.8
34886541,0.76,105.04,3.5,22.84,38.2,38.4,84.8
34950118,0.76,104.52,3.5,22.84,38.6,38.7,84.8
35013695,0.76,103.81,3.5,22.84,39.1,39.2,84.8
35077272,0.76,103.28,3.6,22.84,39.4,39.6,84.8
35140849,0.76,102.76,3.6,22.84,39.8,40.0,84.9
35204426,0.70,102.23,3.3,24.74,40.2,40.4,85.3
35268003,0.70,101.70,3.4,24.74,40.6,40.7,85.3
35331580,0.70,101.17,3.4,24.74,41.0,41.1,85.3
35395157,0.70,100.65,3.4,24.74,41.4,41.5,85.3
35458734,0.70,99.94,3.4,24.74,41.9,42.0,85.3
35522311,0.70,99.41,3.5,24.74,42.3,42.4,85.3
35585888,0.70,98.89,3.5,24.74,42.7,42.8,85.3
35649465,0.70,98.36,3.5,24.74,43.1,43.2,85.3
35713042,0.70,97.83,3.6,24.74,43.5,43.6,85.3
35776619,0.64,97.30,3.3,26.99,43.9,44.0,85.7
35840196,0.64,96.77,3.3,26.99,44.3,44.4,85.7
35903773,0.64,96.07,3.3,26.99,44.9,45.0,85.7
35967350,0.64,95.54,3.4,26.99,45.3,45.4,85.7
36030927,0.64,95.01,3.4,26.99,45.7,45.8,85.7
36094504,0.64,94.49,3.4,26.99,46.1,46.2,85.7
36158081,0.64,93.96,3.5,26.99,46.5,46.7,85.7
36221658,0.64,93.43,3.5,26.99,47.0,47.1,85.7
36285235,0.64,92.90,3.5,26.99,47.4,47.5,85.8
36348812,0.59,92.38,3.2,29.69,47.9,48.0,86.1
36412389,0.59,91.85,3.3,29.69,48.3,48.4,86.1
36475966,0.59,91.14,3.3,29.69,48.9,49.0,86.1
36539543,0.59,90.79,3.3,29.69,49.2,49.3,86.1
36603120,0.59,90.09,3.4,29.69,49.8,49.9,86.1
36666697,0.59,89.56,3.4,29.69,50.3,50.4,86.1
36730274,0.59,89.03,3.4,29.69,50.7,50.8,86.1
36793851,0.59,88.50,3.5,29.69,51.2,51.3,86.1
36857428,0.53,87.98,3.1,32.98,51.7,51.8,86.5
36921005,0.53,87.45,3.2,32.98,52.2,52.3,86.5
36984582,0.53,86.92,3.2,32.98,52.7,52.8,86.5
37048159,0.53,86.39,3.2,32.98,53.1,53.2,86.5
37111736,0.53,85.87,3.3,32.98,53.6,53.7,86.5
37175313,0.53,85.34,3.3,32.98,54.1,54.2,86.5
37238890,0.53,84.81,3.3,32.98,54.6,54.7,86.5
37302467,0.53,84.28,3.4,32.98,55.1,55.2,86.5
37366044,0.53,83.75,3.4,32.98,55.7,55.8,86.5
37429621,0.53,83.23,3.4,32.98,56.2,56.3,86.5
37493198,0.47,82.70,3.1,37.10,56.7,56.8,86.9
37556775,0.47,82.17,3.1,37.10,57.2,57.3,86.9
37620352,0.47,81.64,3.2,37.10,57.8,57.9,86.9
37683929,0.47,81.11,3.2,37.10,58.3,58.4,86.9
37747506,0.47,80.59,3.2,37.10,58.9,59.0,86.9
37811083,0.47,80.06,3.3,37.10,59.4,59.5,86.9
37874660,0.47,79.53,3.3,37.10,60.0,60.1,86.9
37938237,0.41,79.00,2.9,42.37,60.6,60.6,87.2
38001814,0.41,78.48,2.9,42.74,61.1,61.2,87.3
38065391,0.35,77.95,2.6,49.47,61.7,61.8,87.6
38128968,0.35,77.42,2.6,49.47,62.3,62.4,87.6
38192545,0.35,76.89,2.6,49.47,62.9,63.0,87.6
38256122,0.35,76.36,2.6,49.47,63.5,63.6,87.6
38319699,0.35,75.84,2.7,49.47,64.1,64.2,87.6
38383276,0.35,75.31,2.7,49.47,64.7,64.8,87.6
38446853,0.35,74.96,2.7,49.47,65.1,65.2,87.6
38510430,0.35,74.43,2.8,49.47,65.8,65.8,87.6
38574007,0.29,73.90,2.3,59.36,66.4,66.5,88.0
38637584,0.29,73.37,2.4,59.36,67.1,67.1,88.0
38701161,0.29,72.84,2.4,59.36,67.7,67.8,88.0
38764738,0.29,72.32,2.4,59.36,68.4,68.4,88.0
38828315,0.29,71.79,2.4,59.36,69.0,69.1,88.0
38891892,0.29,71.26,2.5,59.36,69.7,69.7,88.0
38955469,0.29,70.73,2.5,59.36,70.4,70.4,88.0
39019046,0.29,70.21,2.5,59.36,71.1,71.1,87.9
39082623,0.29,69.85,2.6,59.36,71.5,71.6,87.9
39146200,0.29,69.33,2.6,59.36,72.2,72.3,87.9
39209777,0.23,68.80,2.1,74.20,73.0,73.0,88.3
39273354,0.23,68.27,2.1,74.20,73.7,73.7,88.3
39336931,0.23,67.74,2.2,74.20,74.4,74.5,88.3
39400508,0.23,67.21,2.2,74.20,75.2,75.2,88.3
39464085,0.23,66.69,2.2,74.20,75.9,76.0,88.3
39527662,0.23,66.16,2.3,74.20,76.7,76.7,88.3
39591239,0.23,65.81,2.3,74.20,77.2,77.3,88.3
39654816,0.23,65.28,2.3,74.20,78.0,78.1,88.3
39718393,0.23,64.75,2.3,74.20,78.8,78.8,88.3
39781970,0.19,64.22,1.9,91.07,79.6,79.7,88.6
39845547,0.18,63.70,1.8,98.93,80.5,80.5,88.7
39909124,0.18,63.17,1.8,98.93,81.3,81.3,88.7
39972701,0.12,62.64,1.2,148.39,82.2,82.2,89.1
40036278,0.12,62.29,1.3,148.39,82.7,82.7,89.1
40099855,0.12,61.76,1.3,148.39,83.6,83.6,89.1
40163432,0.12,61.23,1.3,148.39,84.5,84.5,89.1
40227009,0.12,60.70,1.3,148.39,85.4,85.4,89.1
40290586,0.12,60.18,1.3,148.39,86.3,86.3,89.1
40354163,0.12,59.82,1.4,148.39,86.9,86.9,89.1
40417740,0.12,59.30,1.4,148.39,87.8,87.8,89.1
40481317,0.12,58.77,1.4,148.39,88.8,88.8,89.1
40544894,0.12,58.24,1.4,148.39,89.7,89.8,89.1
40608471,0.12,57.71,1.4,148.39,90.7,90.7,89.1
40672048,0.06,57.36,0.7,296.77,91.4,91.4,89.5
40735625,0.06,56.83,0.7,296.77,92.4,92.4,89.5
40799202,0.02,56.30,0.2,004.74,93.4,93.4,89.9
40862779,-0.00,55.78,0.0,?,94.5,94.5,90.0
40926356,-0.00,55.43,0.0,?,95.2,95.2,90.0
40989933,-0.00,54.90,0.0,?,96.3,96.3,90.0
41053510,-0.00,54.37,0.0,?,97.4,97.4,90.0
41117087,-0.00,53.84,0.0,?,98.5,98.5,90.0
41180664,-0.00,53.31,0.0,?,99.6,99.6,90.0
41244241,-0.00,52.96,0.0,?,100.4,100.4,90.0
41307818,-0.00,52.43,0.0,?,101.5,101.5,90.0
41371395,-0.06,51.91,0.9,296.77,102.7,102.7,89.5
41434972,-0.06,51.38,0.9,296.77,103.9,103.9,89.5
41498549,-0.06,51.03,0.9,296.77,104.8,104.8,89.5
41562126,-0.08,50.50,1.3,207.93,106.0,106.0,89.3
41625703,-0.09,49.97,1.4,196.21,107.3,107.3,89.2
41689280,-0.09,49.44,1.5,191.75,108.6,108.6,89.2
41752857,-0.12,48.91,2.0,148.39,109.9,109.9,89.0
41816434,-0.12,48.56,2.0,148.39,110.8,110.8,89.0
41880011,-0.12,48.04,2.0,148.39,112.2,112.2,89.0
41943588,-0.12,47.51,2.1,148.39,113.6,113.6,89.0
42007165,-0.12,47.16,2.1,148.39,114.5,114.6,88.9
42070742,-0.12,46.63,2.2,148.39,116.0,116.0,88.9
42134319,-0.12,46.10,2.2,148.39,117.5,117.5,88.9
42197896,-0.12,45.57,2.2,148.39,119.0,119.0,88.9
42261473,-0.12,45.22,2.3,148.39,120.0,120.0,88.9
42325050,-0.18,44.69,3.5,98.93,121.5,121.6,88.4
42388627,-0.18,44.16,3.6,98.93,123.2,123.2,88.3
42452204,-0.19,43.64,4.0,90.75,124.8,124.8,88.2
42515781,-0.23,43.28,4.9,74.20,125.8,125.9,87.7
42579358,-0.23,42.76,5.1,74.20,127.6,127.7,87.7
42642935,-0.23,42.23,5.2,74.20,129.3,129.4,87.7
42706512,-0.23,41.88,5.3,74.20,130.5,130.6,87.7
42770089,-0.23,41.35,5.4,74.20,132.3,132.4,87.7
42833666,-0.23,40.82,5.5,74.20,134.2,134.3,87.6
42897243,-0.23,40.47,5.6,74.20,135.4,135.6,87.6
42960820,-0.23,39.94,5.8,74.20,137.4,137.5,87.6
43024397,-0.23,39.41,5.9,74.20,139.4,139.5,87.6
43087974,-0.23,39.06,6.0,74.20,140.7,140.9,87.6
43151551,-0.29,38.53,7.6,60.17,142.7,142.9,86.9
43215128,-0.29,38.01,7.9,59.36,144.8,145.0,86.9
43278705,-0.29,37.65,8.1,59.36,146.2,146.5,86.8
43342282,-0.29,37.13,8.3,59.36,148.5,148.7,86.8
43405859,-0.29,36.60,8.5,59.36,150.8,151.0,86.8
43469436,-0.29,36.25,8.7,59.36,152.3,152.6,86.7
43533013,-0.29,35.72,8.9,59.36,154.7,155.0,86.7
43596590,-0.35,35.19,11.0,49.47,157.0,157.3,86.0
43660167,-0.35,34.84,11.2,49.47,158.6,159.0,86.0
43723744,-0.32,34.31,10.6,54.21,161.3,161.7,86.3
43787321,-0.41,33.78,13.9,42.40,163.6,164.2,85.1
43850898,-0.41,33.43,14.2,42.40,165.4,166.0,85.1
43914475,-0.41,32.90,14.6,42.40,168.2,168.8,85.0
43978052,-0.41,32.38,15.1,42.40,171.0,171.7,85.0
44041629,-0.41,32.02,15.4,42.40,173.0,173.7,84.9
44105206,-0.41,31.50,15.9,42.40,176.0,176.7,84.8
44168783,-0.41,30.97,16.4,42.40,179.1,179.8,84.8
44232360,-0.41,30.62,16.8,42.40,181.2,182.0,84.7
44295937,-0.41,30.09,17.4,42.40,184.5,185.3,84.6
44359514,-0.41,29.56,18.2,41.94,187.9,188.7,84.5
44423091,-0.47,29.21,21.0,37.10,189.7,190.9,83.7
44486668,-0.47,28.68,21.7,37.10,193.3,194.5,83.6
44550245,-0.47,28.15,22.5,37.10,197.0,198.3,83.5
44613822,-0.47,27.80,23.1,37.10,199.5,200.9,83.4
44677399,-0.47,27.27,23.9,37.10,203.4,204.8,83.3
44740976,-0.47,26.74,24.9,37.10,207.5,209.0,83.2
44804553,-0.47,26.39,25.5,37.10,210.3,211.8,83.1
44868130,-0.47,25.87,26.5,37.10,214.6,216.3,83.0
44931707,-0.53,25.34,31.0,32.98,218.3,220.4,81.9
44995284,-0.57,24.99,34.1,30.67,220.7,223.3,81.2
45058861,-0.59,24.46,36.7,29.69,225.0,228.0,80.7
45122438,-0.59,24.11,37.7,29.69,228.2,231.3,80.6
45186015,-0.59,23.58,39.3,29.69,233.2,236.5,80.4
45249592,-0.59,23.05,41.1,29.69,238.4,241.9,80.2
45313169,-0.59,22.70,42.3,29.69,242.0,245.7,80.1
45376746,-0.59,22.17,44.3,29.69,247.6,251.5,79.9
45440323,-0.59,21.82,45.6,29.69,251.5,255.6,79.7
45503900,-0.59,21.29,48.5,29.22,257.2,261.7,79.3
45567477,-0.64,20.94,53.9,26.99,259.8,265.3,78.3
45631054,-0.64,20.41,56.6,26.99,266.1,272.0,78.0
45694631,-0.64,19.88,59.5,26.99,272.7,279.1,77.7
45758208,-0.64,19.53,61.5,26.99,277.3,284.0,77.5
45821785,-0.64,19.00,64.8,26.99,284.4,291.7,77.2
45885362,-0.64,18.65,67.1,26.99,289.3,297.0,76.9
45948939,-0.64,18.12,70.9,26.99,297.0,305.4,76.6
46012516,-0.64,17.77,73.5,26.99,302.4,311.2,76.3
46076093,-0.69,17.24,82.1,25.37,308.4,319.2,75.1
46139670,-0.70,16.72,88.9,24.74,315.9,328.2,74.3
46203247,-0.70,16.36,92.5,24.74,321.8,334.8,74.0
46266824,-0.70,15.84,98.2,24.74,331.0,345.2,73.5
46330401,-0.70,15.48,102.3,24.74,337.4,352.5,73.1
46393978,-0.76,14.96,116.3,22.84,342.1,361.4,71.2
46457555,-0.70,14.43,116.3,24.74,357.9,376.3,72.0
46521132,-0.70,14.08,121.6,24.74,365.2,384.9,71.6
46584709,-0.70,13.55,130.2,24.74,376.6,398.5,70.9
46648286,-0.76,13.20,145.0,22.84,377.4,404.3,69.0
46711863,-0.72,12.67,149.4,24.13,394.7,422.0,69.3
46775440,-0.82,12.32,172.0,21.21,388.3,424.6,66.1
46839017,-0.82,11.79,184.9,21.21,399.9,440.6,65.2
46902594,-0.82,11.44,194.3,21.21,407.8,451.8,64.5
46966171,-0.82,10.91,209.7,21.21,420.1,469.5,63.5
47029748,-0.82,10.56,221.0,21.21,428.4,482.1,62.7
47093325,-0.82,10.03,239.4,21.21,441.2,502.0,61.5
47156902,-0.82,9.68,252.9,21.21,449.8,516.0,60.7
47220479,-0.82,9.15,275.0,21.21,462.8,538.4,59.3
47284056,-0.87,8.80,298.7,20.01,455.9,545.0,56.8
47347633,-0.88,8.45,317.3,19.80,460.2,558.9,55.4
47411210,-0.88,7.92,345.7,19.80,470.2,583.6,53.7
47474787,-0.88,7.57,366.4,19.80,476.4,601.0,52.4
47538364,-0.88,7.04,400.3,19.80,484.3,628.3,50.4
47601941,-0.88,6.69,424.9,19.80,488.6,647.5,49.0
47665518,-0.88,6.33,451.3,19.80,491.7,667.4,47.5
47729095,-0.88,5.81,494.2,19.80,493.8,698.6,45.0
47792672,-0.88,5.45,525.1,19.80,492.9,720.2,43.2
47856249,-0.88,5.10,557.8,19.80,489.9,742.4,41.3
47919826,-0.90,4.75,588.6,19.23,467.4,751.6,38.5
47983403,-0.94,4.22,633.0,18.57,431.4,766.0,34.3
48046980,-0.94,3.87,666.9,18.57,416.7,786.3,32.0
48110557,-0.94,3.52,701.1,18.57,398.3,806.4,29.6
48174134,-0.94,3.34,718.2,18.57,387.7,816.2,28.4
48237711,-0.94,2.99,752.2,18.57,363.3,835.3,25.8
48301288,-0.94,2.64,785.2,18.57,334.7,853.5,23.1
48364865,-0.94,2.46,801.1,18.57,318.7,862.2,21.7
48428442,-0.94,2.11,831.3,18.57,283.5,878.3,18.8
48492019,-0.99,1.94,804.3,17.49,236.7,838.5,16.4
48555596,-1.00,1.94,804.0,17.48,236.5,838.0,16.4
48619173,-1.00,1.76,815.3,17.48,218.0,843.9,15.0
48682750,-1.00,1.58,825.8,17.48,198.8,849.4,13.5
48746327,-1.00,1.58,825.8,17.48,198.8,849.4,13.5
48809904,-1.00,1.41,835.4,17.48,178.7,854.3,12.1
48873481,-1.00,1.41,835.4,17.48,178.7,854.3,12.1
48937058,-1.00,1.41,835.4,17.48,178.7,854.3,12.1
49000635,-1.00,1.23,844.1,17.48,158.0,858.8,10.6
49064212,-1.00,1.23,844.1,17.48,158.0,858.8,10.6
49127789,-1.03,1.23,817.6,16.89,147.9,830.8,10.3
49191366,-1.05,1.23,800.3,16.51,141.5,812.7,10.0
49254943,-1.05,1.23,800.3,16.51,141.5,812.7,10.0
49318520,-1.05,1.23,800.3,16.51,141.5,812.7,10.0
49382097,-1.05,1.23,800.3,16.51,141.5,812.7,10.0
49445674,-1.05,1.23,800.3,16.51,141.5,812.7,10.0
49509251,-1.05,1.41,792.9,16.51,160.2,808.9,11.4
49572828,-1.05,1.41,792.9,16.51,160.2,808.9,11.4
49636405,-1.05,1.41,792.9,16.51,160.2,808.9,11.4
49699982,-1.06,1.41,787.5,16.38,157.9,803.1,11.3
49763559,-1.11,1.58,747.3,15.64,160.8,764.4,12.1
49827136,-1.11,1.58,747.3,15.64,160.8,764.4,12.1
49890713,-1.11,1.76,739.6,15.64,176.9,760.4,13.4
49954290,-1.11,1.94,731.2,15.64,192.3,756.1,14.7
50017867,-1.11,1.94,731.2,15.64,192.3,756.1,14.7
50081444,-1.11,2.29,712.8,15.64,221.6,746.5,17.3
50145021,-1.11,2.46,702.9,15.64,235.3,741.2,18.5
50208598,-1.11,2.64,692.5,15.64,248.4,735.7,19.7
50272175,-1.11,2.99,670.7,15.64,272.6,724.0,22.1
50335752,-1.11,3.17,659.4,15.64,283.7,717.8,23.3
50399329,-1.16,3.52,619.6,15.01,284.2,681.6,24.6
50462906,-1.17,3.87,594.1,14.86,296.6,664.0,26.5
50526483,-1.17,4.22,572.3,14.86,311.7,651.6,28.6
50590060,-1.17,4.57,550.3,14.86,324.7,639.0,30.5
50653637,-1.17,4.93,528.4,14.86,335.7,626.0,32.4
50717214,-1.17,5.45,496.1,14.86,348.8,606.5,35.1
50780791,-1.17,5.81,475.1,14.86,355.5,593.4,36.8
50844368,-1.17,6.16,454.6,14.86,360.8,580.4,38.4
50907945,-1.17,6.69,425.2,14.86,366.2,561.1,40.7
50971522,-1.11,7.04,407.8,15.64,389.1,563.6,43.7
51035099,-1.11,7.39,388.7,15.64,389.4,550.2,45.1
51098676,-1.11,7.92,361.8,15.64,388.2,530.7,47.0
51162253,-1.11,8.27,345.0,15.64,386.5,518.1,48.2
51225830,-1.11,8.80,321.4,15.64,382.9,499.9,50.0
51289407,-1.11,9.15,306.7,15.64,379.8,488.2,51.1
51352984,-1.11,9.50,292.8,15.64,376.4,476.9,52.1
51416561,-1.16,10.03,276.4,15.04,360.4,454.2,52.5
51480138,-1.17,10.38,265.4,14.86,353.8,442.3,53.1
51543715,-1.17,10.91,248.8,14.86,348.3,428.0,54.5
51607292,-1.17,11.26,238.4,14.86,344.4,418.9,55.3
51670869,-1.17,11.79,223.9,14.86,338.4,405.7,56.5
51734446,-1.17,12.14,214.8,14.86,334.2,397.3,57.3
51798023,-1.17,12.67,202.1,14.86,327.9,385.2,58.3
51861600,-1.17,13.02,194.2,14.86,323.6,377.4,59.0
51925177,-1.17,13.55,183.1,14.86,317.2,366.3,60.0
51988754,-1.19,13.90,177.5,14.64,310.7,357.8,60.3
52052331,-1.23,14.43,170.8,14.16,299.7,344.9,60.3
52115908,-1.23,14.78,164.7,14.16,295.8,338.6,60.9
52179485,-1.23,15.31,156.0,14.16,290.1,329.3,61.7
52243062,-1.23,15.66,150.6,14.16,286.2,323.4,62.3
52306639,-1.23,16.19,142.9,14.16,280.6,314.9,63.0
52370216,-1.23,16.54,138.1,14.16,276.9,309.4,63.5
52433793,-1.23,17.07,131.3,14.16,271.4,301.5,64.2
52497370,-1.23,17.60,125.0,14.16,266.0,293.9,64.8
52560947,-1.23,17.95,121.0,14.16,262.5,289.0,65.3
52624524,-1.23,18.48,115.3,14.16,257.3,282.0,65.9
52688101,-1.23,18.83,111.7,14.16,254.0,277.5,66.2
52751678,-1.23,19.35,106.7,14.16,249.0,270.9,66.8
52815255,-1.23,19.71,103.5,14.16,245.8,266.7,67.2
52878832,-1.23,20.23,99.0,14.16,241.0,260.6,67.7
52942409,-1.23,20.76,94.7,14.16,236.4,254.7,68.2
53005986,-1.24,21.11,92.9,13.98,232.6,250.5,68.2
53069563,-1.27,21.47,91.6,13.72,228.6,246.2,68.2
53133140,-1.23,21.99,85.7,14.16,226.1,241.8,69.2
53196717,-1.23,22.52,82.3,14.16,221.9,236.7,69.7
53260294,-1.23,22.87,80.1,14.16,219.2,233.4,69.9
53323871,-1.23,23.40,76.9,14.16,215.2,228.5,70.3
53387448,-1.23,23.75,74.9,14.16,212.6,225.4,70.6
53451025,-1.17,24.28,69.3,14.86,210.7,221.8,71.8
53514602,-1.17,24.63,67.5,14.86,208.2,218.9,72.0
53578179,-1.17,25.16,65.0,14.86,204.4,214.5,72.4
53641756,-1.17,25.51,63.4,14.86,202.0,211.7,72.6
53705333,-1.17,26.04,61.1,14.86,198.4,207.6,72.9
53768910,-1.17,26.57,58.9,14.86,195.0,203.7,73.2
53832487,-1.17,26.92,57.5,14.86,192.7,201.1,73.4
53896064,-1.17,27.45,55.6,14.86,189.4,197.4,73.7
53959641,-1.18,27.80,54.7,14.74,187.0,194.9,73.7
54023218,-1.23,28.33,54.7,14.16,182.8,190.8,73.3
54086795,-1.21,28.68,52.9,14.35,181.2,188.7,73.7
54150372,-1.19,29.21,50.4,14.61,178.7,185.6,74.3
54213949,-1.21,29.56,49.8,14.44,176.4,183.3,74.2
54277526,-1.17,30.09,47.0,14.86,174.3,180.5,74.9
54341103,-1.17,30.44,46.0,14.86,172.4,178.4,75.1
54404680,-1.17,30.97,44.6,14.86,169.7,175.4,75.3
54468257,-1.21,31.50,44.5,14.39,166.4,172.2,75.0
54531834,-1.19,31.85,42.9,14.65,165.0,170.5,75.4
54595411,-1.17,32.38,41.1,14.86,162.7,167.8,75.8
54658988,-1.17,32.73,40.3,14.86,161.1,166.0,76.0
54722565,-1.17,33.26,39.1,14.86,158.6,163.4,76.2
54786142,-1.17,33.78,38.0,14.86,156.2,160.8,76.3
54849719,-1.11,34.13,35.6,15.64,155.4,159.5,77.1
54913296,-1.11,34.66,34.6,15.64,153.1,157.0,77.3
54976873,-1.11,35.01,33.9,15.64,151.6,155.4,77.4
55040450,-1.11,35.54,33.0,15.64,149.4,153.0,77.5
55104027,-1.11,36.07,32.1,15.64,147.3,150.7,77.7
55167604,-1.11,36.42,31.5,15.64,145.8,149.2,77.8
55231181,-1.11,36.95,30.7,15.64,143.8,147.0,77.9
55294758,-1.11,37.30,30.2,15.64,142.4,145.6,78.0
55358335,-1.11,37.83,29.4,15.64,140.4,143.5,78.2
55421912,-1.11,38.36,28.7,15.64,138.5,141.4,78.3
55485489,-1.11,38.71,28.2,15.64,137.2,140.1,78.4
55549066,-1.11,39.24,27.5,15.64,135.3,138.1,78.5
55612643,-1.11,39.59,27.0,15.64,134.1,136.8,78.6
55676220,-1.11,40.12,26.4,15.64,132.3,134.9,78.7
55739797,-1.11,40.47,25.9,15.64,131.1,133.7,78.8
55803374,-1.11,41.00,25.3,15.64,129.4,131.9,78.9
55866951,-1.11,41.52,24.7,15.64,127.7,130.1,79.0
55930528,-1.11,41.88,24.4,15.64,126.6,128.9,79.1
55994105,-1.11,42.40,23.8,15.64,125.0,127.2,79.2
56057682,-1.04,42.76,22.1,16.65,124.3,126.3,79.9
56121259,-1.01,43.28,20.9,17.26,123.0,124.7,80.4
56184836,-1.04,43.81,21.0,16.76,121.2,123.0,80.2
56248413,-1.00,44.16,19.8,17.48,120.4,122.1,80.6
56311990,-1.00,44.69,19.4,17.48,118.9,120.5,80.7
56375567,-1.00,45.04,19.1,17.48,117.9,119.5,80.8
56439144,-1.00,45.57,18.7,17.48,116.5,118.0,80.9
56502721,-1.00,46.10,18.3,17.48,115.0,116.5,80.9
56566298,-1.00,46.45,18.1,17.48,114.1,115.5,81.0
56629875,-1.00,46.98,17.7,17.48,112.7,114.1,81.1
56693452,-1.00,47.51,17.3,17.48,111.4,112.7,81.1
56757029,-1.00,47.86,17.1,17.48,110.5,111.8,81.2
56820606,-1.00,48.39,16.8,17.48,109.2,110.4,81.3
56884183,-1.00,48.91,16.4,17.48,107.9,109.1,81.3
56947760,-0.94,49.27,15.3,18.57,107.2,108.3,81.9
57011337,-0.94,49.79,15.0,18.57,106.0,107.0,81.9
57074914,-0.88,50.32,13.8,19.80,105.0,105.9,82.5
57138491,-0.88,50.67,13.6,19.80,104.1,105.0,82.5
57202068,-0.88,51.20,13.4,19.80,102.9,103.8,82.6
57265645,-0.88,51.73,13.1,19.80,101.8,102.6,82.7
57329222,-0.88,52.08,13.0,19.80,101.0,101.8,82.7
57392799,-0.88,52.61,12.7,19.80,99.8,100.7,82.7
57456376,-0.88,53.14,12.5,19.80,98.7,99.5,82.8
57519953,-0.88,53.49,12.3,19.80,98.0,98.8,82.8
57583530,-0.88,54.02,12.1,19.80,96.9,97.6,82.9
57647107,-0.88,54.37,12.0,19.80,96.2,96.9,82.9
57710684,-0.88,54.90,11.8,19.80,95.1,95.8,82.9
57774261,-0.83,55.43,11.0,20.89,94.2,94.8,83.4
57837838,-0.82,55.78,10.7,21.21,93.5,94.1,83.5
57901415,-0.82,56.30,10.5,21.21,92.5,93.1,83.5
57964992,-0.76,56.83,9.6,22.84,91.6,92.1,84.0
58028569,-0.76,57.18,9.5,22.84,91.0,91.5,84.0
58092146,-0.76,57.71,9.3,22.84,90.0,90.5,84.1
58155723,-0.76,58.24,9.2,22.84,89.0,89.5,84.1
58219300,-0.75,58.59,8.9,23.21,88.4,88.9,84.2
58282877,-0.70,59.12,8.3,24.74,87.6,88.0,84.6
58346454,-0.70,59.65,8.1,24.74,86.6,87.0,84.6
58410031,-0.70,60.00,8.0,24.74,86.0,86.4,84.7
58473608,-0.70,60.53,7.9,24.74,85.1,85.5,84.7
58537185,-0.70,61.06,7.8,24.74,84.3,84.6,84.7
58600762,-0.70,61.58,7.7,24.74,83.4,83.7,84.7
58664339,-0.70,61.94,7.6,24.74,82.8,83.2,84.8
58727916,-0.70,62.46,7.5,24.74,82.0,82.3,84.8
58791493,-0.70,62.99,7.4,24.74,81.1,81.5,84.8
58855070,-0.60,63.34,6.2,29.12,80.7,80.9,85.6
58918647,-0.59,63.87,6.0,29.69,79.9,80.1,85.7
58982224,-0.59,64.40,5.9,29.69,79.1,79.3,85.7
59045801,-0.59,64.75,5.9,29.69,78.6,78.8,85.7
59109378,-0.59,65.28,5.8,29.69,77.8,78.0,85.8
59172955,-0.59,65.81,5.7,29.69,77.0,77.2,85.8
59236532,-0.59,66.33,5.6,29.69,76.2,76.4,85.8
59300109,-0.59,66.69,5.6,29.69,75.7,75.9,85.8
59363686,-0.57,67.21,5.3,30.57,75.0,75.2,85.9
59427263,-0.53,67.74,4.9,32.98,74.3,74.4,86.2
59490840,-0.53,68.09,4.8,32.98,73.8,73.9,86.3
59554417,-0.53,68.62,4.8,32.98,73.1,73.2,86.3
59617994,-0.53,69.15,4.7,32.98,72.3,72.5,86.3
59681571,-0.47,69.68,4.1,37.10,71.7,71.8,86.7
59745148,-0.47,70.21,4.1,37.10,71.0,71.1,86.7
59808725,-0.47,70.56,4.0,37.10,70.5,70.6,86.7
59872302,-0.42,71.09,3.6,41.05,69.9,70.0,87.1
59935879,-0.41,71.61,3.4,42.40,69.2,69.3,87.2
