1_x,1_y,2_x,2_y,3_x,3_y,4_x,4_y
100000.,-79.09375,100000.,-87.59375,100000.,-78.09375,100000.,-81.49375
100900.,-62.59375,100900.,-89.09375,100900.,-62.59375,100900.,-74.14375
101800.,-37.59375,101800.,-86.59375,101800.,-37.59375,101800.,-64.79375
102700.,-33.59375,102700.,-86.59375,102700.,-33.09375,102700.,-63.54375
103600.,-39.59375,103600.,-86.59375,103600.,-39.09375,103600.,-65.79375
104500.,-70.09375,104500.,-85.59375,104500.,-70.09375,104500.,-76.99375
105400.,-75.59375,105400.,-87.59375,105400.,-77.09375,105400.,-80.94375
106300.,-82.59375,106300.,-88.59375,106300.,-77.09375,106300.,-82.19375
107200.,-83.09375,107200.,-86.59375,107200.,-75.59375,107200.,-80.89375
108100.,-80.59375,108100.,-86.59375,108100.,-79.59375,108100.,-81.559375
109000.,-82.625,109000.,-87.125,109000.,-73.125,109000.,-81.875
109900.,-80.625,109900.,-89.125,109900.,-76.625,109900.,-82.775
110800.,-81.625,110800.,-86.625,110800.,-76.625,110800.,-81.625
111700.,-77.625,111700.,-86.625,111700.,-76.625,111700.,-81.625
112600.,-81.125,112600.,-86.625,112600.,-78.125,112600.,-81.775
113500.,-79.625,113500.,-87.625,113500.,-76.125,113500.,-80.475
114400.,-80.125,114400.,-82.625,114400.,-74.625,114400.,-78.175
115300.,-77.125,115300.,-85.15625,115300.,-49.65625,115300.,-81.0375
116200.,-80.15625,116200.,-84.15625,116200.,-30.65625,116200.,-80.35625
117100.,-79.15625,117100.,-83.15625,117100.,-28.65625,117100.,-79.65625
118000.,-81.65625,118000.,-83.65625,118000.,-39.15625,118000.,-78.50625
118900.,-79.65625,118900.,-85.15625,118900.,-73.15625,118900.,-81.40625
119800.,-82.65625,119800.,-82.65625,119800.,-76.65625,119800.,-80.25625
120700.,-48.15625,120700.,-83.15625,120700.,-38.65625,120700.,-42.40625
121600.,-30.65625,121600.,-86.15625,121600.,-28.65625,121600.,-29.55625
122500.,-29.65625,122500.,-87.1875,122500.,-29.65625,122500.,-30.95625
123400.,-41.6875,123400.,-85.6875,123400.,-41.6875,123400.,-48.1375
124300.,-80.1875,124300.,-81.1875,124300.,-75.1875,124300.,-78.9375
125200.,-76.1875,125200.,-83.1875,125200.,-74.1875,125200.,-78.6375
126100.,-82.1875,126100.,-85.1875,126100.,-76.1875,126100.,-78.8375
127000.,-80.6875,127000.,-89.6875,127000.,-76.1875,127000.,-82.3375
127900.,-82.6875,127900.,-85.6875,127900.,-73.6875,127900.,-81.9375
128800.,-82.1875,128800.,-84.1875,128800.,-73.6875,128800.,-80.7375
129700.,-81.71875,129700.,-85.1875,129700.,-76.6875,129700.,-79.946875
130600.,-78.71875,130600.,-86.21875,130600.,-75.21875,130600.,-83.01875
131500.,-81.71875,131500.,-85.71875,131500.,-78.21875,131500.,-83.51875
132400.,-78.71875,132400.,-87.21875,132400.,-75.71875,132400.,-81.66875
133300.,-79.21875,133300.,-83.71875,133300.,-77.71875,133300.,-81.16875
134200.,-77.71875,134200.,-85.71875,134200.,-77.71875,134200.,-81.41875
135100.,-81.71875,135100.,-87.71875,135100.,-75.71875,135100.,-81.96875
136000.,-80.21875,136000.,-85.71875,136000.,-77.21875,136000.,-81.71875
136900.,-77.75,136900.,-87.75,136900.,-75.25,136900.,-81.7875
137800.,-75.75,137800.,-86.25,137800.,-78.75,137800.,-82.8
138700.,-78.25,138700.,-86.75,138700.,-78.25,138700.,-82.75
139600.,-77.25,139600.,-86.25,139600.,-76.75,139600.,-80.55
140500.,-39.75,140500.,-84.75,140500.,-39.75,140500.,-62.9
141400.,-31.25,141400.,-86.75,141400.,-30.25,141400.,-60.95
142300.,-32.75,142300.,-87.25,142300.,-32.75,142300.,-62.65
143200.,-54.25,143200.,-85.75,143200.,-54.25,143200.,-70.65
144100.,-77.78125,144100.,-84.78125,144100.,-75.78125,144100.,-80.51875
145000.,-77.28125,145000.,-85.78125,145000.,-76.78125,145000.,-80.13125
145900.,-77.28125,145900.,-85.28125,145900.,-76.28125,145900.,-80.48125
146800.,-78.78125,146800.,-83.28125,146800.,-38.28125,146800.,-55.38125
147700.,-78.28125,147700.,-86.78125,147700.,-28.78125,147700.,-50.38125
148600.,-80.28125,148600.,-85.78125,148600.,-31.28125,148600.,-50.48125
149500.,-86.28125,149500.,-86.28125,149500.,-53.28125,149500.,-64.68125
150400.,-79.28125,150400.,-87.28125,150400.,-76.78125,150400.,-81.58125
151300.,-84.28125,151300.,-86.3125,151300.,-73.78125,151300.,-80.94375
152200.,-78.8125,152200.,-84.3125,152200.,-76.8125,152200.,-81.3125
153100.,-81.8125,153100.,-86.3125,153100.,-77.3125,153100.,-82.7125
154000.,-81.8125,154000.,-87.8125,154000.,-77.8125,154000.,-83.5125
154900.,-81.3125,154900.,-86.3125,154900.,-76.3125,154900.,-82.3125
155800.,-80.3125,155800.,-86.8125,155800.,-78.3125,155800.,-81.0125
156700.,-78.3125,156700.,-88.8125,156700.,-58.8125,156700.,-81.7625
157600.,-81.8125,157600.,-87.3125,157600.,-30.8125,157600.,-83.7625
158500.,-87.34375,158500.,-89.8125,158500.,-26.8125,158500.,-84.471875
159400.,-80.84375,159400.,-84.84375,159400.,-32.34375,159400.,-81.49375
160300.,-84.34375,160300.,-86.84375,160300.,-63.84375,160300.,-84.09375
161200.,-79.34375,161200.,-88.84375,161200.,-78.34375,161200.,-82.94375
162100.,-81.84375,162100.,-90.34375,162100.,-76.84375,162100.,-82.99375
163000.,-88.34375,163000.,-88.34375,163000.,-78.34375,163000.,-84.99375
163900.,-75.84375,163900.,-89.84375,163900.,-77.84375,163900.,-82.59375
164800.,-81.34375,164800.,-89.84375,164800.,-79.34375,164800.,-82.09375
165700.,-80.84375,165700.,-84.375,165700.,-77.375,165700.,-80.2625
166600.,-82.875,166600.,-85.375,166600.,-77.875,166600.,-81.125
167500.,-84.875,167500.,-86.875,167500.,-78.375,167500.,-82.375
168400.,-84.375,168400.,-88.375,168400.,-78.375,168400.,-82.375
169300.,-88.875,169300.,-88.875,169300.,-79.875,169300.,-84.075
170200.,-80.875,170200.,-84.875,170200.,-76.875,170200.,-81.375
171100.,-84.375,171100.,-87.375,171100.,-77.875,171100.,-82.725
172000.,-81.875,172000.,-86.375,172000.,-76.875,172000.,-82.625
172900.,-80.90625,172900.,-86.90625,172900.,-76.40625,172900.,-82.853125
173800.,-82.90625,173800.,-86.90625,173800.,-70.40625,173800.,-76.45625
174700.,-85.40625,174700.,-87.90625,174700.,-72.40625,174700.,-80.40625
175600.,-79.90625,175600.,-87.40625,175600.,-77.90625,175600.,-81.60625
176500.,-79.90625,176500.,-86.40625,176500.,-78.90625,176500.,-81.65625
177400.,-84.40625,177400.,-86.40625,177400.,-77.90625,177400.,-83.15625
178300.,-79.90625,178300.,-85.90625,178300.,-77.90625,178300.,-81.05625
179200.,-46.90625,179200.,-86.40625,179200.,-46.90625,179200.,-67.80625
180100.,-31.4375,180100.,-88.4375,180100.,-31.4375,180100.,-62.278125
181000.,-30.4375,181000.,-89.9375,181000.,-30.4375,181000.,-62.7375
181900.,-43.9375,181900.,-86.4375,181900.,-43.9375,181900.,-66.9875
182800.,-77.4375,182800.,-87.9375,182800.,-77.9375,182800.,-82.3375
183700.,-79.9375,183700.,-86.4375,183700.,-79.4375,183700.,-81.0375
184600.,-79.4375,184600.,-87.9375,184600.,-77.4375,184600.,-82.6375
185500.,-73.4375,185500.,-86.4375,185500.,-75.4375,185500.,-79.8875
186400.,-75.9375,186400.,-86.4375,186400.,-74.9375,186400.,-81.4375
187300.,-81.96875,187300.,-89.46875,187300.,-78.4375,187300.,-83.75
188200.,-81.46875,188200.,-86.46875,188200.,-77.46875,188200.,-82.41875
189100.,-89.46875,189100.,-89.46875,189100.,-77.96875,189100.,-82.81875
190000.,-81.96875,190000.,-87.46875,190000.,-76.46875,190000.,-82.81875
190900.,-81.96875,190900.,-88.46875,190900.,-75.46875,190900.,-79.91875
191800.,-79.96875,191800.,-83.46875,191800.,-71.46875,191800.,-77.76875
192700.,-81.96875,192700.,-87.46875,192700.,-73.46875,192700.,-82.06875
193600.,-84.96875,193600.,-85.46875,193600.,-75.46875,193600.,-81.06875
194500.,-84.5,194500.,-85.96875,194500.,-78.,194500.,-83.390625
195400.,-77.,195400.,-85.5,195400.,-78.,195400.,-81.7
196300.,-82.5,196300.,-87.,196300.,-78.,196300.,-82.05
197200.,-85.5,197200.,-86.5,197200.,-78.5,197200.,-82.8
198100.,-84.,198100.,-87.5,198100.,-76.5,198100.,-82.3
199000.,-47.5,199000.,-89.5,199000.,-38.,199000.,-41.85
199900.,-38.5,199900.,-83.,199900.,-28.,199900.,-32.25
200800.,-41.,200800.,-85.,200800.,-31.,200800.,-34.85
201700.,-63.03125,201700.,-86.03125,201700.,-53.53125,201700.,-57.33125
202600.,-80.53125,202600.,-88.03125,202600.,-74.53125,202600.,-78.33125
203500.,-79.53125,203500.,-88.03125,203500.,-76.03125,203500.,-79.03125
204400.,-83.53125,204400.,-85.03125,204400.,-76.53125,204400.,-81.28125
205300.,-73.53125,205300.,-83.53125,205300.,-73.53125,205300.,-78.38125
206200.,-78.03125,206200.,-89.03125,206200.,-76.53125,206200.,-80.78125
207100.,-82.03125,207100.,-88.03125,207100.,-77.53125,207100.,-83.83125
208000.,-80.53125,208000.,-88.03125,208000.,-79.03125,208000.,-83.53125
208900.,-82.5625,208900.,-89.0625,208900.,-78.5625,208900.,-82.7125
209800.,-78.0625,209800.,-87.5625,209800.,-79.5625,209800.,-83.6625
210700.,-83.0625,210700.,-89.0625,210700.,-80.0625,210700.,-83.6625
211600.,-79.5625,211600.,-87.0625,211600.,-76.5625,211600.,-81.0625
212500.,-85.0625,212500.,-85.0625,212500.,-78.0625,212500.,-81.8625
213400.,-81.5625,213400.,-87.5625,213400.,-79.5625,213400.,-82.0125
214300.,-85.0625,214300.,-87.5625,214300.,-77.0625,214300.,-82.0625
215200.,-83.5625,215200.,-89.0625,215200.,-77.5625,215200.,-82.6125
216100.,-79.09375,216100.,-89.59375,216100.,-75.59375,216100.,-84.04375
217000.,-79.09375,217000.,-85.59375,217000.,-73.09375,217000.,-77.09375
217900.,-58.09375,217900.,-85.59375,217900.,-57.59375,217900.,-66.44375
218800.,-34.09375,218800.,-87.09375,218800.,-34.09375,218800.,-62.79375
219700.,-30.09375,219700.,-86.59375,219700.,-30.09375,219700.,-61.19375
220600.,-37.09375,220600.,-86.09375,220600.,-37.09375,220600.,-63.89375
221500.,-69.59375,221500.,-89.59375,221500.,-68.59375,221500.,-77.04375
222400.,-78.09375,222400.,-86.59375,222400.,-78.09375,222400.,-81.59375
223300.,-83.125,223300.,-86.625,223300.,-74.625,223300.,-81.525
224200.,-73.125,224200.,-86.125,224200.,-72.125,224200.,-77.875
225100.,-73.625,225100.,-83.125,225100.,-71.625,225100.,-76.475
226000.,-80.625,226000.,-83.625,226000.,-72.125,226000.,-77.025
226900.,-83.125,226900.,-85.125,226900.,-74.125,226900.,-79.475
227800.,-80.125,227800.,-89.625,227800.,-80.125,227800.,-82.875
228700.,-85.625,228700.,-91.125,228700.,-82.125,228700.,-83.475
229600.,-81.625,229600.,-86.625,229600.,-77.125,229600.,-81.975
230500.,-80.65625,230500.,-87.65625,230500.,-77.15625,230500.,-82.35625
231400.,-85.65625,231400.,-86.65625,231400.,-76.65625,231400.,-83.00625
232300.,-82.65625,232300.,-86.65625,232300.,-76.65625,232300.,-83.15625
233200.,-79.15625,233200.,-85.65625,233200.,-69.15625,233200.,-82.20625
234100.,-79.65625,234100.,-84.15625,234100.,-66.15625,234100.,-81.65625
235000.,-83.65625,235000.,-86.65625,235000.,-75.15625,235000.,-81.85625
235900.,-82.15625,235900.,-85.15625,235900.,-79.15625,235900.,-82.30625
236800.,-80.15625,236800.,-88.15625,236800.,-78.15625,236800.,-82.25625
237700.,-84.1875,237700.,-87.6875,237700.,-76.6875,237700.,-83.5375
238600.,-82.1875,238600.,-89.6875,238600.,-79.1875,238600.,-83.0375
239500.,-86.6875,239500.,-87.6875,239500.,-74.6875,239500.,-82.9875
240400.,-85.1875,240400.,-88.1875,240400.,-42.1875,240400.,-83.4875
241300.,-76.6875,241300.,-85.6875,241300.,-26.6875,241300.,-81.7875
242200.,-85.6875,242200.,-86.6875,242200.,-26.6875,242200.,-82.2375
243100.,-79.1875,243100.,-80.1875,243100.,-42.1875,243100.,-74.0875
244000.,-70.1875,244000.,-79.1875,244000.,-68.1875,244000.,-69.7875
244900.,-71.21875,244900.,-80.71875,244900.,-70.71875,244900.,-76.06875
245800.,-84.21875,245800.,-85.21875,245800.,-76.71875,245800.,-82.41875
246700.,-81.21875,246700.,-86.71875,246700.,-77.21875,246700.,-81.86875
247600.,-84.21875,247600.,-85.21875,247600.,-77.71875,247600.,-81.86875
248500.,-84.21875,248500.,-90.71875,248500.,-72.21875,248500.,-81.71875
249400.,-81.71875,249400.,-85.71875,249400.,-75.21875,249400.,-81.86875
250300.,-81.71875,250300.,-83.71875,250300.,-75.71875,250300.,-80.01875
251200.,-77.21875,251200.,-86.21875,251200.,-37.21875,251200.,-54.21875
252100.,-84.25,252100.,-86.25,252100.,-27.75,252100.,-50.2
253000.,-82.75,253000.,-84.25,253000.,-31.25,253000.,-51.1
253900.,-79.75,253900.,-84.75,253900.,-52.25,253900.,-63.45
254800.,-83.75,254800.,-86.25,254800.,-75.25,254800.,-79.55
255700.,-81.25,255700.,-86.75,255700.,-75.25,255700.,-80.35
256600.,-83.25,256600.,-86.25,256600.,-76.25,256600.,-80.45
257500.,-38.75,257500.,-85.25,257500.,-38.75,257500.,-63.5
258400.,-29.25,258400.,-86.75,258400.,-29.25,258400.,-60.85
259300.,-32.78125,259300.,-85.28125,259300.,-32.78125,259300.,-61.38125
260200.,-54.28125,260200.,-84.78125,260200.,-54.28125,260200.,-71.23125
261100.,-82.28125,261100.,-85.28125,261100.,-77.28125,261100.,-81.78125
262000.,-84.28125,262000.,-86.78125,262000.,-75.28125,262000.,-82.33125
262900.,-79.28125,262900.,-88.28125,262900.,-77.78125,262900.,-81.03125
263800.,-75.28125,263800.,-88.28125,263800.,-74.28125,263800.,-78.78125
264700.,-83.78125,264700.,-85.28125,264700.,-77.78125,264700.,-81.38125
265600.,-80.28125,265600.,-85.78125,265600.,-77.78125,265600.,-82.23125
266500.,-83.3125,266500.,-87.8125,266500.,-79.3125,266500.,-81.8625
267400.,-76.8125,267400.,-86.8125,267400.,-78.3125,267400.,-82.6625
268300.,-82.3125,268300.,-84.8125,268300.,-77.3125,268300.,-81.9625
269200.,-81.3125,269200.,-83.8125,269200.,-72.8125,269200.,-77.7125
270100.,-84.3125,270100.,-84.3125,270100.,-69.3125,270100.,-75.9625
271000.,-77.8125,271000.,-87.8125,271000.,-76.3125,271000.,-79.2125
271900.,-79.8125,271900.,-84.8125,271900.,-77.3125,271900.,-81.1125
272800.,-81.3125,272800.,-88.3125,272800.,-76.3125,272800.,-82.7625
273700.,-77.34375,273700.,-83.84375,273700.,-77.84375,273700.,-80.29375
274600.,-80.34375,274600.,-84.34375,274600.,-72.34375,274600.,-79.79375
275500.,-85.34375,275500.,-85.34375,275500.,-67.34375,275500.,-79.79375
276400.,-56.84375,276400.,-83.84375,276400.,-56.84375,276400.,-70.79375
277300.,-31.84375,277300.,-87.84375,277300.,-31.84375,277300.,-34.69375
278200.,-28.34375,278200.,-80.84375,278200.,-27.34375,278200.,-28.14375
279100.,-35.34375,279100.,-79.34375,279100.,-30.34375,279100.,-32.34375
280000.,-71.34375,280000.,-82.84375,280000.,-52.84375,280000.,-60.44375
280900.,-78.375,280900.,-82.375,280900.,-74.375,280900.,-77.875
281800.,-80.375,281800.,-85.375,281800.,-52.375,281800.,-79.775
282700.,-79.875,282700.,-82.375,282700.,-30.375,282700.,-79.075
283600.,-81.375,283600.,-88.375,283600.,-27.375,283600.,-80.975
284500.,-83.375,284500.,-85.875,284500.,-35.875,284500.,-81.725
285400.,-82.875,285400.,-83.875,285400.,-73.875,285400.,-80.175
286300.,-84.875,286300.,-85.375,286300.,-74.875,286300.,-82.225
287200.,-83.375,287200.,-86.875,287200.,-75.375,287200.,-80.325
288100.,-85.90625,288100.,-85.90625,288100.,-77.90625,288100.,-82.95625
289000.,-82.40625,289000.,-87.40625,289000.,-74.90625,289000.,-82.05625
289900.,-78.90625,289900.,-84.90625,289900.,-78.40625,289900.,-81.35625
290800.,-80.40625,290800.,-88.40625,290800.,-79.40625,290800.,-82.65625
291700.,-80.40625,291700.,-88.90625,291700.,-76.40625,291700.,-81.65625
292600.,-79.40625,292600.,-84.40625,292600.,-77.40625,292600.,-81.45625
293500.,-81.90625,293500.,-87.40625,293500.,-78.90625,293500.,-82.55625
294400.,-83.40625,294400.,-86.90625,294400.,-76.90625,294400.,-81.90625
295300.,-79.4375,295300.,-87.9375,295300.,-76.4375,295300.,-81.3875
296200.,-47.4375,296200.,-86.9375,296200.,-46.9375,296200.,-68.2375
297100.,-32.4375,297100.,-85.4375,297100.,-32.4375,297100.,-59.9875
298000.,-31.9375,298000.,-87.4375,298000.,-31.9375,298000.,-62.2875
298900.,-45.9375,298900.,-85.9375,298900.,-45.9375,298900.,-67.2875
299800.,-81.4375,299800.,-88.4375,299800.,-77.4375,299800.,-81.0375
300700.,-79.4375,300700.,-84.9375,300700.,-78.4375,300700.,-81.3375
301600.,-76.4375,301600.,-84.4375,301600.,-76.9375,301600.,-79.8875
302500.,-75.46875,302500.,-85.46875,302500.,-71.46875,302500.,-76.66875
303400.,-72.96875,303400.,-82.96875,303400.,-40.46875,303400.,-53.41875
304300.,-81.96875,304300.,-87.46875,304300.,-31.46875,304300.,-52.61875
305200.,-78.96875,305200.,-87.96875,305200.,-34.46875,305200.,-52.91875
306100.,-85.46875,306100.,-88.46875,306100.,-56.96875,306100.,-67.31875
307000.,-82.96875,307000.,-84.46875,307000.,-73.96875,307000.,-79.91875
307900.,-79.96875,307900.,-86.96875,307900.,-77.46875,307900.,-80.56875
308800.,-81.96875,308800.,-87.96875,308800.,-76.96875,308800.,-81.86875
309700.,-82.5,309700.,-83.5,309700.,-76.,309700.,-80.8
310600.,-83.,310600.,-87.,310600.,-76.,310600.,-81.85
311500.,-80.,311500.,-90.5,311500.,-78.,311500.,-82.65
312400.,-85.,312400.,-86.,312400.,-78.,312400.,-81.35
313300.,-82.5,313300.,-88.,313300.,-78.5,313300.,-81.75
314200.,-82.,314200.,-86.,314200.,-78.,314200.,-81.85
315100.,-84.,315100.,-90.,315100.,-74.5,315100.,-82.3
316000.,-45.,316000.,-87.,316000.,-45.,316000.,-68.3
316900.,-36.53125,316900.,-85.03125,316900.,-36.53125,316900.,-64.13125
317800.,-39.53125,317800.,-89.53125,317800.,-39.53125,317800.,-65.98125
318700.,-63.03125,318700.,-86.53125,318700.,-63.53125,318700.,-75.98125
319600.,-80.53125,319600.,-85.53125,319600.,-78.03125,319600.,-81.93125
320500.,-81.53125,320500.,-85.53125,320500.,-78.53125,320500.,-81.98125
321400.,-82.53125,321400.,-86.03125,321400.,-73.03125,321400.,-77.68125
322300.,-77.53125,322300.,-81.03125,322300.,-70.03125,322300.,-73.73125
323200.,-81.53125,323200.,-84.03125,323200.,-72.53125,323200.,-81.28125
324100.,-84.0625,324100.,-85.0625,324100.,-40.0625,324100.,-82.0625
325000.,-78.5625,325000.,-88.5625,325000.,-34.5625,325000.,-83.7125
325900.,-87.5625,325900.,-87.5625,325900.,-38.5625,325900.,-84.4625
326800.,-83.5625,326800.,-86.5625,326800.,-66.0625,326800.,-83.1125
327700.,-84.5625,327700.,-86.0625,327700.,-78.5625,327700.,-82.6125
328600.,-81.5625,328600.,-84.5625,328600.,-76.0625,328600.,-80.5125
329500.,-82.5625,329500.,-87.5625,329500.,-48.0625,329500.,-62.4625
330400.,-87.0625,330400.,-87.0625,330400.,-38.5625,330400.,-57.0625
331300.,-83.09375,331300.,-83.59375,331300.,-41.59375,331300.,-57.69375
332200.,-81.59375,332200.,-86.09375,332200.,-62.59375,332200.,-70.59375
333100.,-80.09375,333100.,-86.59375,333100.,-78.59375,333100.,-82.19375
334000.,-83.09375,334000.,-87.59375,334000.,-77.59375,334000.,-81.59375
334900.,-72.59375,334900.,-85.09375,334900.,-70.59375,334900.,-78.79375
335800.,-47.59375,335800.,-88.59375,335800.,-47.59375,335800.,-68.89375
336700.,-44.09375,336700.,-86.09375,336700.,-44.09375,336700.,-66.74375
337600.,-52.59375,337600.,-88.59375,337600.,-52.09375,337600.,-69.89375
338500.,-82.125,338500.,-90.125,338500.,-77.625,338500.,-81.575
339400.,-80.125,339400.,-87.625,339400.,-78.125,339400.,-82.925
340300.,-85.625,340300.,-89.125,340300.,-78.125,340300.,-82.775
341200.,-82.625,341200.,-87.125,341200.,-76.625,341200.,-82.775
342100.,-74.125,342100.,-87.625,342100.,-74.625,342100.,-80.725
343000.,-81.625,343000.,-90.125,343000.,-79.625,343000.,-84.325
343900.,-83.625,343900.,-87.625,343900.,-80.125,343900.,-84.575
344800.,-82.125,344800.,-88.625,344800.,-78.625,344800.,-83.525
345700.,-78.15625,345700.,-90.15625,345700.,-79.15625,345700.,-82.70625
346600.,-83.65625,346600.,-88.65625,346600.,-78.65625,346600.,-83.30625
347500.,-85.65625,347500.,-85.65625,347500.,-75.15625,347500.,-80.25625
348400.,-86.65625,348400.,-88.65625,348400.,-71.15625,348400.,-79.40625
349300.,-86.15625,349300.,-87.15625,349300.,-77.65625,349300.,-82.15625
350200.,-83.65625,350200.,-87.65625,350200.,-80.15625,350200.,-83.55625
351100.,-83.65625,351100.,-88.65625,351100.,-80.15625,351100.,-84.35625
352000.,-88.6875,352000.,-88.6875,352000.,-79.1875,352000.,-83.421875
352900.,-79.6875,352900.,-89.1875,352900.,-78.6875,352900.,-82.5875
353800.,-77.1875,353800.,-86.6875,353800.,-81.1875,353800.,-82.2375
354700.,-69.6875,354700.,-87.6875,354700.,-69.6875,354700.,-77.4875
355600.,-54.1875,355600.,-84.6875,355600.,-53.6875,355600.,-55.6375
356500.,-53.6875,356500.,-90.6875,356500.,-47.1875,356500.,-50.0875
357400.,-69.6875,357400.,-85.1875,357400.,-50.6875,357400.,-58.1375
358300.,-80.1875,358300.,-82.1875,358300.,-72.1875,358300.,-76.1375
359200.,-84.21875,359200.,-87.21875,359200.,-72.6875,359200.,-83.5
360100.,-85.21875,360100.,-88.21875,360100.,-77.71875,360100.,-83.26875
361000.,-73.21875,361000.,-87.71875,361000.,-74.21875,361000.,-79.81875
361900.,-74.21875,361900.,-88.21875,361900.,-76.21875,361900.,-81.31875
362800.,-85.71875,362800.,-89.21875,362800.,-78.21875,362800.,-83.76875
363700.,-84.21875,363700.,-89.71875,363700.,-78.71875,363700.,-83.31875
364600.,-86.21875,364600.,-90.21875,364600.,-79.21875,364600.,-85.46875
365500.,-87.21875,365500.,-87.71875,365500.,-54.21875,365500.,-83.66875
366400.,-81.71875,366400.,-88.71875,366400.,-43.75,366400.,-84.378125
367300.,-84.25,367300.,-90.25,367300.,-45.25,367300.,-84.8
368200.,-87.25,368200.,-87.75,368200.,-64.75,368200.,-83.25
369100.,-78.75,369100.,-87.75,369100.,-79.25,369100.,-83.7
370000.,-85.25,370000.,-88.75,370000.,-80.25,370000.,-83.3
370900.,-86.75,370900.,-87.25,370900.,-80.25,370900.,-84.4
371800.,-79.25,371800.,-87.75,371800.,-78.75,371800.,-82.6
372700.,-86.25,372700.,-88.75,372700.,-77.25,372700.,-83.5
373600.,-84.75,373600.,-86.78125,373600.,-77.28125,373600.,-80.875
374500.,-72.28125,374500.,-88.28125,374500.,-71.28125,374500.,-75.33125
375400.,-63.28125,375400.,-88.78125,375400.,-63.28125,375400.,-75.68125
376300.,-67.28125,376300.,-88.78125,376300.,-66.28125,376300.,-76.73125
377200.,-85.28125,377200.,-90.28125,377200.,-78.78125,377200.,-83.98125
378100.,-84.78125,378100.,-88.28125,378100.,-80.78125,378100.,-83.83125
379000.,-81.28125,379000.,-90.28125,379000.,-78.78125,379000.,-83.83125
379900.,-86.78125,379900.,-92.28125,379900.,-77.78125,379900.,-84.28125
380800.,-83.8125,380800.,-90.28125,380800.,-80.8125,380800.,-83.796875
381700.,-83.8125,381700.,-88.8125,381700.,-66.3125,381700.,-74.7625
382600.,-84.8125,382600.,-89.3125,382600.,-57.8125,382600.,-69.2625
383500.,-85.8125,383500.,-85.8125,383500.,-60.8125,383500.,-70.8125
384400.,-81.8125,384400.,-88.8125,384400.,-79.8125,384400.,-82.1625
385300.,-86.8125,385300.,-88.3125,385300.,-80.8125,385300.,-85.0125
386200.,-83.8125,386200.,-92.3125,386200.,-81.3125,386200.,-85.9125
387100.,-80.8125,387100.,-89.3125,387100.,-80.8125,387100.,-83.5125
388000.,-78.8125,388000.,-89.8125,388000.,-78.8125,388000.,-83.375
388900.,-85.84375,388900.,-90.34375,388900.,-79.84375,388900.,-85.74375
389800.,-82.84375,389800.,-88.84375,389800.,-80.84375,389800.,-84.09375
390700.,-83.34375,390700.,-87.84375,390700.,-80.84375,390700.,-83.64375
391600.,-84.34375,391600.,-88.34375,391600.,-79.84375,391600.,-84.49375
392500.,-80.84375,392500.,-90.34375,392500.,-79.34375,392500.,-82.44375
393400.,-84.34375,393400.,-87.34375,393400.,-76.84375,393400.,-83.84375
394300.,-80.84375,394300.,-90.84375,394300.,-80.34375,394300.,-82.99375
395200.,-73.375,395200.,-90.34375,395200.,-73.375,395200.,-81.115625
396100.,-82.875,396100.,-89.375,396100.,-81.875,396100.,-85.525
397000.,-82.875,397000.,-90.375,397000.,-80.875,397000.,-84.475
397900.,-87.875,397900.,-88.375,397900.,-79.375,397900.,-84.825
398800.,-85.375,398800.,-87.375,398800.,-80.375,398800.,-84.175
399700.,-76.875,399700.,-80.375,399700.,-74.875,399700.,-76.925
400600.,-71.375,400600.,-78.375,400600.,-71.375,400600.,-74.675
401500.,-83.875,401500.,-85.875,401500.,-76.375,401500.,-82.875
402400.,-84.375,402400.,-90.875,402400.,-80.375,402400.,-84.475
403300.,-82.875,403300.,-88.375,403300.,-82.375,403300.,-84.6875
404200.,-88.40625,404200.,-90.90625,404200.,-80.40625,404200.,-85.70625
405100.,-81.90625,405100.,-88.90625,405100.,-80.90625,405100.,-84.75625
406000.,-83.90625,406000.,-90.40625,406000.,-80.90625,406000.,-84.45625
406900.,-87.40625,406900.,-89.40625,406900.,-73.40625,406900.,-85.80625
407800.,-84.90625,407800.,-88.90625,407800.,-56.40625,407800.,-82.60625
408700.,-84.90625,408700.,-85.90625,408700.,-55.40625,408700.,-75.55625
409600.,-86.40625,409600.,-86.40625,409600.,-68.40625,409600.,-77.55625
410500.,-82.4375,410500.,-91.4375,410500.,-81.4375,410500.,-84.225
411400.,-89.4375,411400.,-89.4375,411400.,-80.9375,411400.,-85.4875
412300.,-85.9375,412300.,-90.9375,412300.,-81.9375,412300.,-87.3875
413200.,-83.4375,413200.,-90.4375,413200.,-80.9375,413200.,-85.1875
414100.,-80.4375,414100.,-93.9375,414100.,-80.4375,414100.,-85.6875
415000.,-90.4375,415000.,-91.9375,415000.,-83.9375,415000.,-87.6375
415900.,-79.9375,415900.,-87.4375,415900.,-79.9375,415900.,-83.4375
416800.,-82.4375,416800.,-89.4375,416800.,-81.4375,416800.,-84.7375
417700.,-81.96875,417700.,-90.96875,417700.,-80.46875,417700.,-85.809375
418600.,-83.96875,418600.,-90.46875,418600.,-79.96875,418600.,-85.31875
419500.,-88.46875,419500.,-88.46875,419500.,-79.46875,419500.,-84.96875
420400.,-79.96875,420400.,-89.46875,420400.,-79.96875,420400.,-84.46875
421300.,-81.46875,421300.,-88.96875,421300.,-80.46875,421300.,-85.06875
422200.,-88.46875,422200.,-88.96875,422200.,-82.46875,422200.,-86.26875
423100.,-89.46875,423100.,-90.46875,423100.,-81.46875,423100.,-87.36875
424000.,-87.96875,424000.,-90.46875,424000.,-81.46875,424000.,-86.26875
424900.,-86.46875,424900.,-89.5,424900.,-82.5,424900.,-85.28125
425800.,-88.,425800.,-89.,425800.,-78.5,425800.,-84.75
426700.,-87.5,426700.,-88.,426700.,-78.5,426700.,-83.75
427600.,-90.5,427600.,-90.5,427600.,-82.,427600.,-87.65
428500.,-86.5,428500.,-88.,428500.,-81.5,428500.,-85.2
429400.,-83.,429400.,-91.,429400.,-82.5,429400.,-83.9
430300.,-86.5,430300.,-89.,430300.,-80.5,430300.,-84.7
431200.,-86.,431200.,-92.,431200.,-82.,431200.,-86.1
432100.,-90.53125,432100.,-90.53125,432100.,-80.53125,432100.,-86.471875
433000.,-83.03125,433000.,-92.53125,433000.,-82.03125,433000.,-85.08125
433900.,-84.03125,433900.,-92.53125,433900.,-82.03125,433900.,-86.18125
434800.,-85.03125,434800.,-92.53125,434800.,-80.03125,434800.,-83.78125
435700.,-84.03125,435700.,-91.03125,435700.,-80.53125,435700.,-85.38125
436600.,-89.03125,436600.,-89.53125,436600.,-82.53125,436600.,-86.68125
437500.,-89.53125,437500.,-92.03125,437500.,-82.03125,437500.,-86.58125
438400.,-84.03125,438400.,-89.03125,438400.,-83.03125,438400.,-84.98125
439300.,-76.03125,439300.,-92.03125,439300.,-73.53125,439300.,-83.04375
440200.,-81.5625,440200.,-89.5625,440200.,-80.0625,440200.,-85.1625
441100.,-83.0625,441100.,-90.5625,441100.,-78.5625,441100.,-87.0625
442000.,-84.0625,442000.,-89.5625,442000.,-73.5625,442000.,-85.3125
442900.,-86.5625,442900.,-92.5625,442900.,-77.0625,442900.,-87.0125
443800.,-86.5625,443800.,-89.5625,443800.,-81.0625,443800.,-85.9625
444700.,-85.0625,444700.,-91.0625,444700.,-84.0625,444700.,-86.3125
445600.,-85.5625,445600.,-92.0625,445600.,-82.0625,445600.,-86.6625
446500.,-84.59375,446500.,-92.0625,446500.,-83.0625,446500.,-86.728125
447400.,-88.59375,447400.,-90.09375,447400.,-83.59375,447400.,-86.94375
448300.,-88.09375,448300.,-90.59375,448300.,-81.59375,448300.,-85.79375
449200.,-89.09375,449200.,-89.09375,449200.,-72.59375,449200.,-87.39375
450100.,-86.59375,450100.,-91.09375,450100.,-69.09375,450100.,-86.74375
451000.,-81.59375,451000.,-91.59375,451000.,-76.09375,451000.,-84.94375
451900.,-89.59375,451900.,-91.09375,451900.,-76.59375,451900.,-83.09375
452800.,-89.09375,452800.,-94.09375,452800.,-78.09375,452800.,-83.24375
453700.,-81.09375,453700.,-92.625,453700.,-80.09375,453700.,-85.90625
454600.,-88.125,454600.,-92.125,454600.,-83.625,454600.,-87.825
455500.,-90.625,455500.,-92.625,455500.,-85.125,455500.,-89.675
456400.,-85.625,456400.,-92.625,456400.,-81.625,456400.,-85.475
457300.,-86.125,457300.,-92.625,457300.,-84.625,457300.,-87.675
458200.,-86.625,458200.,-92.625,458200.,-81.625,458200.,-86.925
459100.,-84.625,459100.,-91.125,459100.,-82.125,459100.,-87.175
460000.,-92.625,460000.,-92.625,460000.,-83.625,460000.,-88.425
460900.,-84.625,460900.,-90.625,460900.,-82.65625,460900.,-87.728125
461800.,-86.15625,461800.,-92.65625,461800.,-84.65625,461800.,-88.55625
462700.,-88.65625,462700.,-92.65625,462700.,-85.15625,462700.,-88.80625
463600.,-89.15625,463600.,-92.65625,463600.,-86.65625,463600.,-89.45625
464500.,-89.65625,464500.,-92.65625,464500.,-87.15625,464500.,-89.60625
465400.,-84.65625,465400.,-92.65625,465400.,-83.15625,465400.,-87.60625
466300.,-89.15625,466300.,-92.15625,466300.,-84.65625,466300.,-88.75625
467200.,-89.15625,467200.,-92.65625,467200.,-81.15625,467200.,-87.65625
468100.,-83.65625,468100.,-92.1875,468100.,-80.65625,468100.,-86.215625
469000.,-87.1875,469000.,-92.1875,469000.,-82.1875,469000.,-86.9875
469900.,-88.1875,469900.,-92.6875,469900.,-84.1875,469900.,-87.4375
470800.,-89.6875,470800.,-92.6875,470800.,-84.6875,470800.,-89.2875
471700.,-87.6875,471700.,-92.1875,471700.,-85.6875,471700.,-88.6875
472600.,-90.1875,472600.,-94.1875,472600.,-85.1875,472600.,-89.8375
473500.,-87.6875,473500.,-92.6875,473500.,-86.6875,473500.,-89.8375
474400.,-89.6875,474400.,-94.1875,474400.,-84.6875,474400.,-87.7375
475300.,-87.71875,475300.,-92.6875,475300.,-83.71875,475300.,-88.7125
476200.,-87.71875,476200.,-90.71875,476200.,-85.21875,476200.,-88.31875
477100.,-85.71875,477100.,-92.21875,477100.,-84.71875,477100.,-87.46875
478000.,-79.71875,478000.,-91.21875,478000.,-79.21875,478000.,-81.36875
478900.,-82.21875,478900.,-89.71875,478900.,-75.21875,478900.,-81.36875
479800.,-91.21875,479800.,-91.71875,479800.,-82.21875,479800.,-87.81875
480700.,-92.71875,480700.,-92.71875,480700.,-84.71875,480700.,-89.96875
481600.,-91.21875,481600.,-93.71875,481600.,-84.71875,481600.,-90.01875
482500.,-90.25,482500.,-94.21875,482500.,-86.21875,482500.,-89.784375
483400.,-88.75,483400.,-93.75,483400.,-80.75,483400.,-89.75
484300.,-89.25,484300.,-93.75,484300.,-84.75,484300.,-90.45
485200.,-92.25,485200.,-92.75,485200.,-86.75,485200.,-89.45
486100.,-87.75,486100.,-94.25,486100.,-84.25,486100.,-90.1
487000.,-92.75,487000.,-92.75,487000.,-83.75,487000.,-88.45
487900.,-88.25,487900.,-92.75,487900.,-84.25,487900.,-88.85
488800.,-86.75,488800.,-92.75,488800.,-84.25,488800.,-88.05
489700.,-88.28125,489700.,-91.25,489700.,-83.28125,489700.,-87.475
490600.,-87.78125,490600.,-94.28125,490600.,-86.28125,490600.,-88.98125
491500.,-86.28125,491500.,-94.28125,491500.,-83.28125,491500.,-90.08125
492400.,-91.28125,492400.,-93.78125,492400.,-81.28125,492400.,-88.43125
493300.,-91.28125,493300.,-92.78125,493300.,-85.28125,493300.,-91.18125
494200.,-85.28125,494200.,-94.28125,494200.,-83.78125,494200.,-88.63125
495100.,-90.78125,495100.,-95.78125,495100.,-81.78125,495100.,-89.83125
496000.,-89.28125,496000.,-92.78125,496000.,-85.78125,496000.,-89.98125
496900.,-85.8125,496900.,-92.3125,496900.,-84.28125,496900.,-88.90625
497800.,-80.3125,497800.,-92.8125,497800.,-77.3125,497800.,-86.3625
498700.,-90.8125,498700.,-92.8125,498700.,-85.3125,498700.,-88.7625
499600.,-87.8125,499600.,-92.8125,499600.,-84.8125,499600.,-88.3625
500500.,-84.8125,500500.,-92.8125,500500.,-84.8125,500500.,-88.4625
501400.,-88.8125,501400.,-95.8125,501400.,-87.8125,501400.,-91.2125
502300.,-89.8125,502300.,-93.8125,502300.,-85.3125,502300.,-89.1125
503200.,-94.3125,503200.,-94.3125,503200.,-84.8125,503200.,-91.0625
504100.,-87.84375,504100.,-94.34375,504100.,-86.3125,504100.,-89.23125
505000.,-86.34375,505000.,-94.34375,505000.,-86.34375,505000.,-89.99375
505900.,-89.34375,505900.,-94.34375,505900.,-86.84375,505900.,-90.54375
506800.,-88.34375,506800.,-92.84375,506800.,-85.84375,506800.,-89.64375
507700.,-91.34375,507700.,-92.84375,507700.,-84.84375,507700.,-90.19375
508600.,-92.34375,508600.,-94.34375,508600.,-86.34375,508600.,-91.94375
509500.,-87.84375,509500.,-93.84375,509500.,-84.34375,509500.,-89.64375
510400.,-90.84375,510400.,-95.84375,510400.,-88.34375,510400.,-90.49375
511300.,-87.375,511300.,-95.875,511300.,-87.375,511300.,-90.625
512200.,-92.875,512200.,-93.875,512200.,-86.875,512200.,-90.375
513100.,-94.375,513100.,-94.375,513100.,-85.875,513100.,-91.375
514000.,-92.375,514000.,-94.375,514000.,-85.875,514000.,-90.725
514900.,-93.875,514900.,-94.375,514900.,-86.875,514900.,-90.375
515800.,-92.875,515800.,-94.375,515800.,-85.875,515800.,-90.875
516700.,-90.875,516700.,-93.875,516700.,-85.375,516700.,-90.625
517600.,-87.375,517600.,-94.375,517600.,-87.375,517600.,-90.325
518500.,-83.90625,518500.,-92.90625,518500.,-83.90625,518500.,-89.40625
519400.,-90.90625,519400.,-94.40625,519400.,-85.90625,519400.,-90.90625
520300.,-93.90625,520300.,-95.90625,520300.,-86.90625,520300.,-91.00625
521200.,-92.90625,521200.,-94.40625,521200.,-85.90625,521200.,-91.95625
522100.,-93.90625,522100.,-93.90625,522100.,-87.40625,522100.,-91.35625
523000.,-94.40625,523000.,-95.90625,523000.,-87.90625,523000.,-92.30625
523900.,-90.90625,523900.,-95.90625,523900.,-87.40625,523900.,-92.60625
524800.,-89.40625,524800.,-94.40625,524800.,-78.90625,524800.,-90.35625
525700.,-92.9375,525700.,-92.9375,525700.,-77.9375,525700.,-90.7875
526600.,-92.4375,526600.,-94.4375,526600.,-87.9375,526600.,-91.8875
527500.,-92.9375,527500.,-93.9375,527500.,-87.9375,527500.,-90.8875
528400.,-90.9375,528400.,-94.4375,528400.,-85.9375,528400.,-90.2875
529300.,-87.4375,529300.,-94.4375,529300.,-87.4375,529300.,-90.1375
530200.,-93.9375,530200.,-95.9375,530200.,-82.9375,530200.,-89.0875
531100.,-90.9375,531100.,-92.9375,531100.,-80.4375,531100.,-86.6875
532000.,-92.9375,532000.,-94.4375,532000.,-85.9375,532000.,-90.8375
532900.,-89.96875,532900.,-92.96875,532900.,-87.46875,532900.,-90.46875
533800.,-94.46875,533800.,-94.46875,533800.,-86.96875,533800.,-93.16875
534700.,-90.96875,534700.,-94.46875,534700.,-86.96875,534700.,-91.46875
535600.,-92.46875,535600.,-94.46875,535600.,-87.46875,535600.,-90.46875
536500.,-88.46875,536500.,-93.96875,536500.,-85.46875,536500.,-89.46875
537400.,-88.46875,537400.,-94.46875,537400.,-84.46875,537400.,-89.66875
538300.,-92.46875,538300.,-92.96875,538300.,-86.46875,538300.,-90.86875
539200.,-94.46875,539200.,-94.46875,539200.,-88.46875,539200.,-92.76875
540100.,-86.5,540100.,-94.,540100.,-86.5,540100.,-90.25
541000.,-94.,541000.,-94.5,541000.,-91.,541000.,-92.8
541900.,-93.,541900.,-94.5,541900.,-89.5,541900.,-92.45
542800.,-88.5,542800.,-94.5,542800.,-87.5,542800.,-91.4
543700.,-91.5,543700.,-94.5,543700.,-88.,543700.,-91.95
544600.,-94.5,544600.,-94.5,544600.,-89.,544600.,-93.
545500.,-92.5,545500.,-94.5,545500.,-88.5,545500.,-92.1
546400.,-91.,546400.,-93.,546400.,-89.5,546400.,-91.6
547300.,-89.53125,547300.,-94.03125,547300.,-89.03125,547300.,-91.18125
548200.,-91.03125,548200.,-94.53125,548200.,-89.53125,548200.,-90.88125
549100.,-94.53125,549100.,-94.53125,549100.,-87.53125,549100.,-93.18125
550000.,-93.03125,550000.,-94.53125,550000.,-86.03125,550000.,-90.83125
550900.,-91.53125,550900.,-94.03125,550900.,-88.53125,550900.,-92.28125
551800.,-92.53125,551800.,-94.53125,551800.,-85.53125,551800.,-92.28125
552700.,-92.53125,552700.,-94.53125,552700.,-88.53125,552700.,-91.43125
553600.,-91.03125,553600.,-93.03125,553600.,-87.53125,553600.,-90.68125
554500.,-92.0625,554500.,-92.5625,554500.,-87.5625,554500.,-90.4625
555400.,-91.0625,555400.,-94.0625,555400.,-86.5625,555400.,-89.8625
556300.,-89.0625,556300.,-94.5625,556300.,-84.5625,556300.,-87.5125
557200.,-89.5625,557200.,-94.5625,557200.,-80.5625,557200.,-85.9625
558100.,-91.0625,558100.,-94.0625,558100.,-87.5625,558100.,-90.8625
559000.,-90.0625,559000.,-93.0625,559000.,-87.5625,559000.,-90.6625
559900.,-93.0625,559900.,-93.0625,559900.,-88.5625,559900.,-91.6625
560800.,-94.5625,560800.,-94.5625,560800.,-85.0625,560800.,-91.7125
561700.,-94.09375,561700.,-96.09375,561700.,-88.59375,561700.,-93.44375
562600.,-91.59375,562600.,-94.09375,562600.,-87.09375,562600.,-91.99375
563500.,-96.09375,563500.,-96.09375,563500.,-89.59375,563500.,-93.14375
564400.,-91.59375,564400.,-94.59375,564400.,-87.59375,564400.,-91.64375
565300.,-92.59375,565300.,-94.59375,565300.,-84.59375,565300.,-92.14375
566200.,-94.09375,566200.,-94.59375,566200.,-85.59375,566200.,-91.94375
567100.,-92.59375,567100.,-94.59375,567100.,-83.09375,567100.,-92.59375
568000.,-94.09375,568000.,-96.09375,568000.,-88.09375,568000.,-93.44375
568900.,-92.625,568900.,-94.625,568900.,-88.125,568900.,-91.825
569800.,-92.625,569800.,-94.625,569800.,-89.125,569800.,-92.825
570700.,-92.625,570700.,-96.125,570700.,-90.125,570700.,-93.025
571600.,-93.125,571600.,-96.125,571600.,-88.625,571600.,-93.375
572500.,-92.625,572500.,-94.625,572500.,-91.625,572500.,-92.575
573400.,-91.625,573400.,-94.625,573400.,-88.125,573400.,-91.675
574300.,-88.625,574300.,-94.625,574300.,-88.125,574300.,-90.675
575200.,-87.625,575200.,-94.625,575200.,-86.625,575200.,-90.425
576100.,-86.15625,576100.,-94.65625,576100.,-83.65625,576100.,-90.25625
577000.,-91.15625,577000.,-94.65625,577000.,-88.15625,577000.,-91.75625
577900.,-92.15625,577900.,-93.15625,577900.,-88.65625,577900.,-91.65625
578800.,-92.65625,578800.,-94.65625,578800.,-88.15625,578800.,-91.60625
579700.,-92.65625,579700.,-94.65625,579700.,-90.15625,579700.,-92.05625
580600.,-96.15625,580600.,-96.15625,580600.,-88.15625,580600.,-91.55625
581500.,-91.15625,581500.,-96.15625,581500.,-88.15625,581500.,-89.90625
582400.,-94.65625,582400.,-96.15625,582400.,-84.65625,582400.,-90.80625
583300.,-94.1875,583300.,-94.1875,583300.,-84.1875,583300.,-89.8375
584200.,-88.1875,584200.,-94.6875,584200.,-85.6875,584200.,-90.2875
585100.,-92.6875,585100.,-96.1875,585100.,-89.1875,585100.,-92.5875
586000.,-91.1875,586000.,-94.6875,586000.,-88.6875,586000.,-90.9875
586900.,-91.6875,586900.,-93.1875,586900.,-88.6875,586900.,-91.6375
587800.,-91.6875,587800.,-96.1875,587800.,-88.1875,587800.,-92.2375
588700.,-92.6875,588700.,-96.1875,588700.,-88.6875,588700.,-92.4375
589600.,-92.6875,589600.,-96.1875,589600.,-89.1875,589600.,-92.6375
590500.,-93.21875,590500.,-96.21875,590500.,-88.71875,590500.,-92.71875
591400.,-93.21875,591400.,-96.21875,591400.,-87.71875,591400.,-92.76875
592300.,-88.21875,592300.,-94.71875,592300.,-88.21875,592300.,-91.96875
593200.,-92.71875,593200.,-96.21875,593200.,-89.71875,593200.,-92.41875
594100.,-88.21875,594100.,-96.21875,594100.,-88.21875,594100.,-91.86875
595000.,-86.71875,595000.,-94.71875,595000.,-86.71875,595000.,-91.71875
595900.,-89.71875,595900.,-94.71875,595900.,-89.71875,595900.,-91.91875
596800.,-92.71875,596800.,-96.21875,596800.,-90.21875,596800.,-92.86875
597700.,-92.75,597700.,-94.75,597700.,-90.25,597700.,-92.75
598600.,-94.25,598600.,-96.25,598600.,-89.75,598600.,-93.55
599500.,-90.25,599500.,-96.25,599500.,-88.75,599500.,-92.45
600400.,-93.25,600400.,-94.75,600400.,-89.75,600400.,-93.1
601300.,-94.25,601300.,-96.25,601300.,-91.25,601300.,-94.1
602200.,-94.25,602200.,-94.75,602200.,-90.25,602200.,-94.55
603100.,-94.25,603100.,-96.25,603100.,-92.75,603100.,-93.95
604000.,-94.25,604000.,-96.25,604000.,-91.75,604000.,-93.6
604900.,-94.28125,604900.,-94.78125,604900.,-89.78125,604900.,-93.58125
605800.,-92.78125,605800.,-96.28125,605800.,-89.78125,605800.,-92.68125
606700.,-94.28125,606700.,-94.78125,606700.,-89.78125,606700.,-93.08125
607600.,-92.78125,607600.,-94.78125,607600.,-88.78125,607600.,-92.43125
608500.,-93.28125,608500.,-94.78125,608500.,-89.78125,608500.,-92.38125
609400.,-94.28125,609400.,-96.28125,609400.,-88.78125,609400.,-92.23125
610300.,-94.78125,610300.,-96.28125,610300.,-90.28125,610300.,-93.18125
611200.,-94.28125,611200.,-94.28125,611200.,-91.28125,611200.,-93.03125
612100.,-94.3125,612100.,-94.8125,612100.,-89.8125,612100.,-93.2625
613000.,-91.3125,613000.,-94.8125,613000.,-89.3125,613000.,-92.4125
613900.,-91.8125,613900.,-94.8125,613900.,-89.8125,613900.,-93.2625
614800.,-91.3125,614800.,-96.3125,614800.,-89.8125,614800.,-93.2125
615700.,-92.8125,615700.,-96.3125,615700.,-91.3125,615700.,-93.4625
616600.,-93.3125,616600.,-96.3125,616600.,-89.8125,616600.,-92.8125
617500.,-94.3125,617500.,-94.8125,617500.,-92.8125,617500.,-94.3625
618400.,-93.3125,618400.,-96.3125,618400.,-91.8125,618400.,-94.9125
619300.,-94.84375,619300.,-96.34375,619300.,-92.84375,619300.,-94.44375
620200.,-91.34375,620200.,-96.34375,620200.,-91.34375,620200.,-94.14375
621100.,-88.84375,621100.,-96.34375,621100.,-88.84375,621100.,-93.89375
622000.,-94.84375,622000.,-96.34375,622000.,-91.84375,622000.,-94.64375
622900.,-94.84375,622900.,-96.34375,622900.,-91.84375,622900.,-94.44375
623800.,-94.84375,623800.,-96.34375,623800.,-90.34375,623800.,-94.14375
624700.,-93.34375,624700.,-94.84375,624700.,-88.84375,624700.,-92.84375
625600.,-93.34375,625600.,-96.34375,625600.,-91.34375,625600.,-93.14375
626500.,-94.375,626500.,-96.375,626500.,-91.375,626500.,-93.875
627400.,-93.375,627400.,-96.375,627400.,-91.875,627400.,-94.475
628300.,-94.875,628300.,-96.375,628300.,-93.375,628300.,-95.375
629200.,-93.375,629200.,-96.375,629200.,-92.875,629200.,-94.675
630100.,-94.375,630100.,-96.375,630100.,-92.875,630100.,-94.575
631000.,-94.375,631000.,-96.375,631000.,-91.375,631000.,-94.225
631900.,-94.875,631900.,-96.375,631900.,-91.375,631900.,-94.525
632800.,-93.375,632800.,-96.375,632800.,-92.875,632800.,-93.975
633700.,-89.90625,633700.,-96.40625,633700.,-89.90625,633700.,-92.45625
634600.,-92.90625,634600.,-94.90625,634600.,-92.90625,634600.,-93.40625
635500.,-93.40625,635500.,-96.40625,635500.,-90.40625,635500.,-92.70625
636400.,-92.90625,636400.,-96.40625,636400.,-92.90625,636400.,-93.90625
637300.,-94.40625,637300.,-96.40625,637300.,-92.90625,637300.,-94.35625
638200.,-93.40625,638200.,-96.40625,638200.,-91.90625,638200.,-94.05625
639100.,-96.40625,639100.,-96.40625,639100.,-90.40625,639100.,-94.85625
640000.,-96.40625,640000.,-96.40625,640000.,-93.40625,640000.,-95.35625
640900.,-94.9375,640900.,-96.4375,640900.,-92.9375,640900.,-95.5375
641800.,-96.4375,641800.,-96.4375,641800.,-92.9375,641800.,-95.4875
642700.,-94.9375,642700.,-96.4375,642700.,-93.4375,642700.,-95.0875
643600.,-89.9375,643600.,-94.9375,643600.,-89.9375,643600.,-93.6875
644500.,-94.9375,644500.,-94.9375,644500.,-89.9375,644500.,-94.1875
645400.,-94.9375,645400.,-94.9375,645400.,-91.9375,645400.,-93.9875
646300.,-93.4375,646300.,-96.4375,646300.,-93.4375,646300.,-94.5375
647200.,-96.4375,647200.,-96.4375,647200.,-92.9375,647200.,-95.2875
648100.,-96.46875,648100.,-96.46875,648100.,-92.96875,648100.,-95.86875
649000.,-94.96875,649000.,-96.46875,649000.,-91.96875,649000.,-95.56875
649900.,-96.46875,649900.,-96.46875,649900.,-91.46875,649900.,-96.01875
650800.,-96.46875,650800.,-96.46875,650800.,-91.46875,650800.,-95.71875
651700.,-96.46875,651700.,-96.46875,651700.,-91.96875,651700.,-95.11875
652600.,-96.46875,652600.,-96.46875,652600.,-93.46875,652600.,-95.21875
653500.,-94.96875,653500.,-96.46875,653500.,-91.96875,653500.,-94.91875
654400.,-93.,654400.,-96.46875,654400.,-91.96875,654400.,-94.178125
655300.,-93.5,655300.,-96.5,655300.,-92.,655300.,-94.05
656200.,-95.,656200.,-96.5,656200.,-90.,656200.,-94.15
657100.,-93.5,657100.,-96.5,657100.,-93.5,657100.,-95.15
658000.,-96.5,658000.,-96.5,658000.,-93.5,658000.,-95.9
658900.,-96.5,658900.,-96.5,658900.,-93.5,658900.,-96.05
659800.,-95.,659800.,-96.5,659800.,-93.5,659800.,-95.6
660700.,-95.,660700.,-96.5,660700.,-94.5,660700.,-95.55
661600.,-96.5,661600.,-96.5,661600.,-94.5,661600.,-95.5
662500.,-96.53125,662500.,-96.53125,662500.,-93.03125,662500.,-95.28125
663400.,-95.03125,663400.,-96.53125,663400.,-93.53125,663400.,-95.13125
664300.,-94.53125,664300.,-95.03125,664300.,-93.53125,664300.,-94.83125
665200.,-95.03125,665200.,-96.53125,665200.,-91.53125,665200.,-95.28125
666100.,-95.03125,666100.,-96.53125,666100.,-93.53125,666100.,-94.98125
667000.,-96.53125,667000.,-96.53125,667000.,-93.53125,667000.,-95.63125
667900.,-93.53125,667900.,-96.53125,667900.,-93.53125,667900.,-95.33125
668800.,-95.0625,668800.,-96.53125,668800.,-93.53125,668800.,-95.94375
669700.,-96.5625,669700.,-96.5625,669700.,-94.5625,669700.,-95.7625
670600.,-96.5625,670600.,-96.5625,670600.,-93.0625,670600.,-95.9625
671500.,-96.5625,671500.,-96.5625,671500.,-92.0625,671500.,-95.8125
672400.,-95.0625,672400.,-96.5625,672400.,-94.5625,672400.,-95.5125
673300.,-95.0625,673300.,-96.5625,673300.,-93.0625,673300.,-94.7125
674200.,-95.0625,674200.,-96.5625,674200.,-93.5625,674200.,-94.8625
675100.,-95.0625,675100.,-95.0625,675100.,-93.5625,675100.,-94.9625
676000.,-95.09375,676000.,-96.5625,676000.,-91.59375,676000.,-94.63125
676900.,-96.59375,676900.,-96.59375,676900.,-93.09375,676900.,-95.49375
677800.,-96.59375,677800.,-96.59375,677800.,-94.59375,677800.,-95.79375
678700.,-96.59375,678700.,-96.59375,678700.,-93.59375,678700.,-95.54375
679600.,-96.59375,679600.,-96.59375,679600.,-93.59375,679600.,-95.84375
680500.,-96.59375,680500.,-96.59375,680500.,-94.59375,680500.,-96.24375
681400.,-96.59375,681400.,-96.59375,681400.,-93.59375,681400.,-95.99375
682300.,-95.09375,682300.,-96.59375,682300.,-92.09375,682300.,-94.69375
683200.,-96.59375,683200.,-96.59375,683200.,-93.59375,683200.,-95.75
684100.,-94.625,684100.,-96.625,684100.,-93.625,684100.,-95.175
685000.,-95.125,685000.,-96.625,685000.,-91.625,685000.,-94.825
685900.,-96.625,685900.,-96.625,685900.,-93.625,685900.,-95.725
686800.,-96.625,686800.,-96.625,686800.,-93.125,686800.,-95.825
687700.,-95.125,687700.,-96.625,687700.,-94.625,687700.,-95.575
688600.,-96.625,688600.,-96.625,688600.,-92.125,688600.,-96.475
689500.,-96.625,689500.,-96.625,689500.,-92.125,689500.,-96.175
690400.,-96.625,690400.,-96.625,690400.,-93.625,690400.,-96.328125
691300.,-96.65625,691300.,-96.65625,691300.,-94.65625,691300.,-96.35625
692200.,-95.15625,692200.,-96.65625,692200.,-92.15625,692200.,-95.25625
693100.,-96.65625,693100.,-96.65625,693100.,-92.15625,693100.,-94.95625
694000.,-96.65625,694000.,-96.65625,694000.,-91.65625,694000.,-95.10625
694900.,-95.15625,694900.,-96.65625,694900.,-93.65625,694900.,-95.45625
695800.,-95.15625,695800.,-96.65625,695800.,-91.65625,695800.,-95.20625
696700.,-96.65625,696700.,-96.65625,696700.,-93.65625,696700.,-95.90625
697600.,-96.65625,697600.,-96.65625,697600.,-92.15625,697600.,-95.75625
698500.,-96.6875,698500.,-96.6875,698500.,-95.1875,698500.,-96.5375
699400.,-96.6875,699400.,-96.6875,699400.,-93.6875,699400.,-96.6875
700300.,-96.6875,700300.,-96.6875,700300.,-93.6875,700300.,-95.9375
701200.,-96.6875,701200.,-96.6875,701200.,-93.6875,701200.,-96.5375
702100.,-95.1875,702100.,-96.6875,702100.,-94.6875,702100.,-96.0875
703000.,-95.1875,703000.,-96.6875,703000.,-94.6875,703000.,-95.2875
703900.,-93.6875,703900.,-96.6875,703900.,-93.6875,703900.,-95.1875
704800.,-95.1875,704800.,-96.6875,704800.,-93.6875,704800.,-95.4375
705700.,-96.6875,705700.,-96.6875,705700.,-95.1875,705700.,-96.2375
706600.,-95.21875,706600.,-96.71875,706600.,-95.21875,706600.,-96.11875
707500.,-95.21875,707500.,-96.71875,707500.,-93.71875,707500.,-96.26875
708400.,-99.71875,708400.,-102.71875,708400.,-97.71875,708400.,-100.56875
709300.,-99.21875,709300.,-102.71875,709300.,-95.21875,709300.,-99.61875
710200.,-101.21875,710200.,-102.71875,710200.,-96.21875,710200.,-101.26875
711100.,-100.71875,711100.,-102.71875,711100.,-98.21875,711100.,-101.41875
712000.,-101.21875,712000.,-101.21875,712000.,-97.71875,712000.,-100.11875
712900.,-101.21875,712900.,-102.71875,712900.,-96.75,712900.,-101.078125
713800.,-99.75,713800.,-102.75,713800.,-99.25,713800.,-100.85
714700.,-102.75,714700.,-102.75,714700.,-99.75,714700.,-101.25
715600.,-102.75,715600.,-102.75,715600.,-98.25,715600.,-101.65
716500.,-99.25,716500.,-102.75,716500.,-97.75,716500.,-100.15
717400.,-99.75,717400.,-102.75,717400.,-96.25,717400.,-100.2
718300.,-98.25,718300.,-102.75,718300.,-96.25,718300.,-100.05
719200.,-99.75,719200.,-102.75,719200.,-98.25,719200.,-100.05
720100.,-101.25,720100.,-102.75,720100.,-96.78125,720100.,-100.365625
721000.,-99.78125,721000.,-102.78125,721000.,-97.78125,721000.,-101.53125
721900.,-96.78125,721900.,-102.78125,721900.,-96.78125,721900.,-100.53125
722800.,-99.78125,722800.,-102.78125,722800.,-96.78125,722800.,-100.23125
723700.,-99.78125,723700.,-102.78125,723700.,-98.28125,723700.,-100.68125
724600.,-102.78125,724600.,-102.78125,724600.,-98.28125,724600.,-101.23125
725500.,-102.78125,725500.,-102.78125,725500.,-96.78125,725500.,-100.93125
726400.,-101.28125,726400.,-102.78125,726400.,-93.28125,726400.,-100.63125
727300.,-102.78125,727300.,-102.78125,727300.,-98.3125,727300.,-101.6875
728200.,-99.8125,728200.,-102.8125,728200.,-97.8125,728200.,-99.9625
729100.,-101.3125,729100.,-102.8125,729100.,-98.3125,729100.,-101.0125
730000.,-101.3125,730000.,-102.8125,730000.,-97.8125,730000.,-101.9125
730900.,-102.8125,730900.,-102.8125,730900.,-99.3125,730900.,-101.5125
731800.,-101.3125,731800.,-102.8125,731800.,-97.8125,731800.,-100.3125
732700.,-101.3125,732700.,-102.8125,732700.,-99.3125,732700.,-100.8625
733600.,-102.8125,733600.,-102.8125,733600.,-95.3125,733600.,-101.2625
734500.,-101.3125,734500.,-102.8125,734500.,-97.84375,734500.,-101.31875
735400.,-101.34375,735400.,-102.84375,735400.,-94.34375,735400.,-100.74375
736300.,-102.84375,736300.,-102.84375,736300.,-97.84375,736300.,-102.24375
737200.,-102.84375,737200.,-102.84375,737200.,-97.84375,737200.,-101.09375
738100.,-101.34375,738100.,-102.84375,738100.,-99.84375,738100.,-101.64375
739000.,-98.34375,739000.,-102.84375,739000.,-98.34375,739000.,-100.54375
739900.,-99.84375,739900.,-102.84375,739900.,-96.34375,739900.,-101.29375
740800.,-98.34375,740800.,-101.34375,740800.,-95.34375,740800.,-99.29375
741700.,-99.875,741700.,-102.84375,741700.,-99.84375,741700.,-101.653125
742600.,-101.375,742600.,-102.875,742600.,-99.875,742600.,-101.375
743500.,-101.375,743500.,-102.875,743500.,-95.875,743500.,-100.775
744400.,-101.375,744400.,-102.875,744400.,-99.875,744400.,-101.575
745300.,-101.375,745300.,-102.875,745300.,-98.375,745300.,-101.225
746200.,-101.375,746200.,-102.875,746200.,-99.875,746200.,-101.975
747100.,-97.875,747100.,-102.875,747100.,-97.875,747100.,-100.975
748000.,-101.375,748000.,-102.875,748000.,-97.875,748000.,-100.825
748900.,-101.375,748900.,-102.875,748900.,-99.875,748900.,-101.534375
749800.,-102.90625,749800.,-102.90625,749800.,-99.90625,749800.,-101.65625
750700.,-101.40625,750700.,-102.90625,750700.,-98.40625,750700.,-101.85625
751600.,-99.90625,751600.,-102.90625,751600.,-98.40625,751600.,-101.25625
752500.,-102.90625,752500.,-102.90625,752500.,-98.40625,752500.,-101.95625
753400.,-102.90625,753400.,-102.90625,753400.,-97.90625,753400.,-101.50625
754300.,-101.40625,754300.,-102.90625,754300.,-98.40625,754300.,-101.55625
755200.,-98.40625,755200.,-102.90625,755200.,-96.90625,755200.,-99.85625
756100.,-101.40625,756100.,-102.90625,756100.,-98.4375,756100.,-101.265625
757000.,-99.9375,757000.,-102.9375,757000.,-98.4375,757000.,-100.9875
757900.,-102.9375,757900.,-102.9375,757900.,-99.4375,757900.,-101.9875
758800.,-100.9375,758800.,-102.9375,758800.,-99.9375,758800.,-101.9375
759700.,-99.4375,759700.,-102.9375,759700.,-96.9375,759700.,-101.6375
760600.,-102.9375,760600.,-102.9375,760600.,-101.4375,760600.,-102.6375
761500.,-102.9375,761500.,-102.9375,761500.,-99.9375,761500.,-102.3375
762400.,-102.9375,762400.,-102.9375,762400.,-99.9375,762400.,-101.5875
763300.,-102.9375,763300.,-102.9375,763300.,-97.9375,763300.,-101.390625
764200.,-102.96875,764200.,-102.96875,764200.,-99.96875,764200.,-102.66875
765100.,-102.96875,765100.,-102.96875,765100.,-101.46875,765100.,-102.66875
766000.,-102.96875,766000.,-102.96875,766000.,-101.46875,766000.,-102.96875
766900.,-102.96875,766900.,-102.96875,766900.,-99.96875,766900.,-102.06875
767800.,-102.96875,767800.,-102.96875,767800.,-98.46875,767800.,-102.81875
768700.,-102.96875,768700.,-102.96875,768700.,-99.96875,768700.,-102.06875
769600.,-102.96875,769600.,-102.96875,769600.,-97.96875,769600.,-102.66875
770500.,-102.96875,770500.,-102.96875,770500.,-98.5,770500.,-102.378125
771400.,-103.,771400.,-103.,771400.,-101.5,771400.,-102.7
772300.,-100.,772300.,-103.,772300.,-100.,772300.,-101.8
773200.,-101.5,773200.,-103.,773200.,-100.,773200.,-102.25
774100.,-101.5,774100.,-103.,774100.,-100.,774100.,-101.8
775000.,-103.,775000.,-103.,775000.,-98.5,775000.,-101.95
775900.,-103.,775900.,-103.,775900.,-96.5,775900.,-101.9
776800.,-103.,776800.,-103.,776800.,-101.5,776800.,-102.7
777700.,-103.,777700.,-103.,777700.,-100.,777700.,-102.853125
778600.,-103.03125,778600.,-103.03125,778600.,-99.53125,778600.,-102.68125
779500.,-103.03125,779500.,-103.03125,779500.,-101.53125,779500.,-102.43125
780400.,-100.03125,780400.,-103.03125,780400.,-100.03125,780400.,-101.53125
781300.,-103.03125,781300.,-103.03125,781300.,-101.53125,781300.,-103.03125
782200.,-101.53125,782200.,-103.03125,782200.,-101.53125,782200.,-102.43125
783100.,-103.03125,783100.,-103.03125,783100.,-97.03125,783100.,-102.58125
784000.,-103.03125,784000.,-103.03125,784000.,-100.03125,784000.,-102.73125
784900.,-103.03125,784900.,-103.03125,784900.,-100.03125,784900.,-102.88125
785800.,-103.0625,785800.,-103.0625,785800.,-100.0625,785800.,-102.7625
786700.,-103.0625,786700.,-103.0625,786700.,-101.5625,786700.,-102.6125
787600.,-103.0625,787600.,-103.0625,787600.,-101.5625,787600.,-102.7625
788500.,-101.5625,788500.,-103.0625,788500.,-100.0625,788500.,-102.4625
789400.,-103.0625,789400.,-103.0625,789400.,-101.5625,789400.,-102.9125
790300.,-103.0625,790300.,-103.0625,790300.,-100.0625,790300.,-102.6125
791200.,-103.0625,791200.,-103.0625,791200.,-100.0625,791200.,-102.3125
792100.,-103.0625,792100.,-103.0625,792100.,-100.0625,792100.,-103.0625
793000.,-103.09375,793000.,-103.09375,793000.,-100.09375,793000.,-102.79375
793900.,-98.59375,793900.,-103.09375,793900.,-98.59375,793900.,-102.19375
794800.,-101.59375,794800.,-103.09375,794800.,-101.09375,794800.,-102.34375
795700.,-103.09375,795700.,-103.09375,795700.,-101.59375,795700.,-102.64375
796600.,-103.09375,796600.,-103.09375,796600.,-100.09375,796600.,-102.49375
797500.,-103.09375,797500.,-103.09375,797500.,-100.09375,797500.,-102.44375
798400.,-103.09375,798400.,-103.09375,798400.,-101.59375,798400.,-102.94375
799300.,-103.09375,799300.,-103.09375,799300.,-100.125,799300.,-102.503125
800200.,-103.125,800200.,-103.125,800200.,-101.625,800200.,-102.675
801100.,-101.625,801100.,-103.125,801100.,-100.125,801100.,-102.525
802000.,-101.625,802000.,-103.125,802000.,-99.625,802000.,-101.825
802900.,-103.125,802900.,-103.125,802900.,-101.625,802900.,-102.525
803800.,-103.125,803800.,-103.125,803800.,-101.625,803800.,-103.125
804700.,-103.125,804700.,-103.125,804700.,-100.125,804700.,-102.975
805600.,-103.125,805600.,-103.125,805600.,-101.625,805600.,-103.125
806500.,-103.125,806500.,-103.125,806500.,-98.65625,806500.,-102.53125
807400.,-100.15625,807400.,-103.15625,807400.,-100.15625,807400.,-102.55625
808300.,-101.65625,808300.,-103.15625,808300.,-100.15625,808300.,-102.65625
809200.,-106.15625,809200.,-106.15625,809200.,-103.15625,809200.,-106.00625
810100.,-106.15625,810100.,-106.15625,810100.,-103.15625,810100.,-105.40625
811000.,-106.15625,811000.,-106.15625,811000.,-101.65625,811000.,-105.25625
811900.,-106.15625,811900.,-106.15625,811900.,-103.15625,811900.,-105.85625
812800.,-106.15625,812800.,-106.15625,812800.,-103.15625,812800.,-106.00625
813700.,-104.6875,813700.,-106.1875,813700.,-103.1875,813700.,-105.7375
814600.,-104.6875,814600.,-106.1875,814600.,-103.1875,814600.,-105.1375
815500.,-106.1875,815500.,-106.1875,815500.,-103.1875,815500.,-105.2875
816400.,-106.1875,816400.,-106.1875,816400.,-101.6875,816400.,-105.7375
817300.,-106.1875,817300.,-106.1875,817300.,-103.1875,817300.,-105.1375
818200.,-106.1875,818200.,-106.1875,818200.,-104.6875,818200.,-106.0375
819100.,-106.1875,819100.,-106.1875,819100.,-104.6875,819100.,-105.5875
820000.,-106.1875,820000.,-106.1875,820000.,-101.6875,820000.,-105.5875
820900.,-104.71875,820900.,-106.21875,820900.,-101.71875,820900.,-105.46875
821800.,-106.21875,821800.,-106.21875,821800.,-103.21875,821800.,-105.31875
822700.,-106.21875,822700.,-106.21875,822700.,-104.71875,822700.,-105.91875
823600.,-106.21875,823600.,-106.21875,823600.,-103.21875,823600.,-105.76875
824500.,-106.21875,824500.,-106.21875,824500.,-103.21875,824500.,-105.61875
825400.,-104.71875,825400.,-106.21875,825400.,-104.71875,825400.,-105.76875
826300.,-104.71875,826300.,-106.21875,826300.,-103.21875,826300.,-105.16875
827200.,-104.71875,827200.,-106.21875,827200.,-103.21875,827200.,-105.61875
828100.,-106.25,828100.,-106.25,828100.,-103.25,828100.,-105.95
829000.,-106.25,829000.,-106.25,829000.,-104.75,829000.,-106.1
829900.,-106.25,829900.,-106.25,829900.,-104.75,829900.,-105.8
830800.,-104.25,830800.,-106.25,830800.,-104.25,830800.,-105.2
831700.,-106.25,831700.,-106.25,831700.,-103.25,831700.,-105.45
832600.,-104.75,832600.,-106.25,832600.,-103.25,832600.,-105.05
833500.,-106.25,833500.,-106.25,833500.,-102.75,833500.,-105.35
834400.,-104.75,834400.,-106.25,834400.,-104.75,834400.,-105.65
835300.,-104.78125,835300.,-106.28125,835300.,-101.28125,835300.,-105.18125
836200.,-106.28125,836200.,-106.28125,836200.,-101.78125,836200.,-105.33125
837100.,-106.28125,837100.,-106.28125,837100.,-104.78125,837100.,-105.98125
838000.,-106.28125,838000.,-106.28125,838000.,-104.78125,838000.,-105.98125
838900.,-106.28125,838900.,-106.28125,838900.,-103.28125,838900.,-105.98125
839800.,-106.28125,839800.,-106.28125,839800.,-101.28125,839800.,-105.43125
840700.,-104.78125,840700.,-106.28125,840700.,-103.28125,840700.,-105.53125
841600.,-106.28125,841600.,-106.28125,841600.,-104.78125,841600.,-106.28125
842500.,-106.3125,842500.,-106.3125,842500.,-104.8125,842500.,-105.8625
843400.,-106.3125,843400.,-106.3125,843400.,-104.8125,843400.,-105.5625
844300.,-106.3125,844300.,-106.3125,844300.,-102.8125,844300.,-105.6625
845200.,-106.3125,845200.,-106.3125,845200.,-103.3125,845200.,-105.7125
846100.,-106.3125,846100.,-106.3125,846100.,-104.8125,846100.,-105.7125
847000.,-106.3125,847000.,-106.3125,847000.,-104.8125,847000.,-106.1625
847900.,-106.3125,847900.,-106.3125,847900.,-104.8125,847900.,-106.1625
848800.,-104.8125,848800.,-106.3125,848800.,-104.8125,848800.,-105.2625
849700.,-106.34375,849700.,-106.34375,849700.,-99.84375,849700.,-106.34375
850600.,-104.84375,850600.,-106.34375,850600.,-103.34375,850600.,-105.59375
851500.,-106.34375,851500.,-106.34375,851500.,-104.84375,851500.,-106.04375
852400.,-101.84375,852400.,-106.34375,852400.,-101.84375,852400.,-105.44375
853300.,-106.34375,853300.,-106.34375,853300.,-103.34375,853300.,-105.89375
854200.,-103.34375,854200.,-106.34375,854200.,-103.34375,854200.,-105.44375
855100.,-106.34375,855100.,-106.34375,855100.,-104.84375,855100.,-106.19375
856000.,-106.34375,856000.,-106.34375,856000.,-104.84375,856000.,-106.19375
856900.,-106.375,856900.,-106.375,856900.,-104.875,856900.,-106.075
857800.,-106.375,857800.,-106.375,857800.,-102.875,857800.,-105.725
858700.,-102.875,858700.,-106.375,858700.,-101.375,858700.,-105.675
859600.,-106.375,859600.,-106.375,859600.,-104.875,859600.,-106.225
860500.,-106.375,860500.,-106.375,860500.,-104.875,860500.,-106.225
861400.,-106.375,861400.,-106.375,861400.,-106.375,861400.,-106.375
862300.,-106.375,862300.,-106.375,862300.,-106.375,862300.,-106.375
863200.,-106.375,863200.,-106.375,863200.,-106.375,863200.,-106.375
864100.,-106.40625,864100.,-106.40625,864100.,-103.40625,864100.,-106.10625
865000.,-106.40625,865000.,-106.40625,865000.,-104.90625,865000.,-106.25625
865900.,-106.40625,865900.,-106.40625,865900.,-106.40625,865900.,-106.40625
866800.,-106.40625,866800.,-106.40625,866800.,-104.90625,866800.,-106.10625
867700.,-106.40625,867700.,-106.40625,867700.,-106.40625,867700.,-106.40625
868600.,-106.40625,868600.,-106.40625,868600.,-104.90625,868600.,-106.25625
869500.,-106.40625,869500.,-106.40625,869500.,-106.40625,869500.,-106.40625
870400.,-106.40625,870400.,-106.40625,870400.,-106.40625,870400.,-106.40625
871300.,-106.4375,871300.,-106.4375,871300.,-104.9375,871300.,-106.1375
872200.,-106.4375,872200.,-106.4375,872200.,-106.4375,872200.,-106.4375
873100.,-106.4375,873100.,-106.4375,873100.,-104.9375,873100.,-106.2875
874000.,-106.4375,874000.,-106.4375,874000.,-104.9375,874000.,-106.2875
874900.,-106.4375,874900.,-106.4375,874900.,-106.4375,874900.,-106.4375
875800.,-106.4375,875800.,-106.4375,875800.,-106.4375,875800.,-106.4375
876700.,-106.4375,876700.,-106.4375,876700.,-106.4375,876700.,-106.4375
877600.,-106.4375,877600.,-106.4375,877600.,-106.4375,877600.,-106.4375
878500.,-106.46875,878500.,-106.46875,878500.,-104.96875,878500.,-106.31875
879400.,-106.46875,879400.,-106.46875,879400.,-106.46875,879400.,-106.46875
880300.,-106.46875,880300.,-106.46875,880300.,-106.46875,880300.,-106.46875
881200.,-106.46875,881200.,-106.46875,881200.,-106.46875,881200.,-106.46875
882100.,-106.46875,882100.,-106.46875,882100.,-104.96875,882100.,-106.46875
883000.,-106.46875,883000.,-106.46875,883000.,-106.46875,883000.,-106.46875
883900.,-106.46875,883900.,-106.46875,883900.,-104.96875,883900.,-106.46875
884800.,-106.46875,884800.,-106.46875,884800.,-106.46875,884800.,-106.46875
885700.,-106.5,885700.,-106.5,885700.,-106.5,885700.,-106.5
886600.,-106.5,886600.,-106.5,886600.,-105.,886600.,-106.35
887500.,-106.5,887500.,-106.5,887500.,-106.5,887500.,-106.5
888400.,-106.5,888400.,-106.5,888400.,-106.5,888400.,-106.5
889300.,-106.5,889300.,-106.5,889300.,-106.5,889300.,-106.5
890200.,-106.5,890200.,-106.5,890200.,-103.5,890200.,-106.5
891100.,-106.5,891100.,-106.5,891100.,-106.5,891100.,-106.5
892000.,-106.5,892000.,-106.5,892000.,-105.,892000.,-106.5
892900.,-105.03125,892900.,-106.53125,892900.,-105.03125,892900.,-106.23125
893800.,-106.53125,893800.,-106.53125,893800.,-105.03125,893800.,-106.38125
894700.,-106.53125,894700.,-106.53125,894700.,-106.53125,894700.,-106.53125
895600.,-106.53125,895600.,-106.53125,895600.,-105.03125,895600.,-106.38125
896500.,-106.53125,896500.,-106.53125,896500.,-106.53125,896500.,-106.53125
897400.,-106.53125,897400.,-106.53125,897400.,-105.03125,897400.,-106.53125
898300.,-106.53125,898300.,-106.53125,898300.,-106.53125,898300.,-106.53125
899200.,-106.53125,899200.,-106.53125,899200.,-105.03125,899200.,-106.38125
900100.,-106.5625,900100.,-106.5625,900100.,-106.5625,900100.,-106.5625
901000.,-106.5625,901000.,-106.5625,901000.,-106.5625,901000.,-106.5625
901900.,-106.5625,901900.,-106.5625,901900.,-105.0625,901900.,-106.5625
902800.,-106.5625,902800.,-106.5625,902800.,-106.5625,902800.,-106.5625
903700.,-106.5625,903700.,-106.5625,903700.,-105.0625,903700.,-106.5625
904600.,-105.0625,904600.,-106.5625,904600.,-105.0625,904600.,-106.2625
905500.,-106.5625,905500.,-106.5625,905500.,-106.5625,905500.,-106.5625
906400.,-106.5625,906400.,-106.5625,906400.,-105.0625,906400.,-106.4125
907300.,-106.59375,907300.,-106.59375,907300.,-106.59375,907300.,-106.59375
908200.,-106.59375,908200.,-106.59375,908200.,-106.59375,908200.,-106.59375
909100.,-106.59375,909100.,-106.59375,909100.,-106.59375,909100.,-106.59375
910000.,-106.59375,910000.,-106.59375,910000.,-106.59375,910000.,-106.59375
910900.,-112.59375,910900.,-112.59375,910900.,-109.59375,910900.,-111.84375
911800.,-111.09375,911800.,-112.59375,911800.,-109.59375,911800.,-111.84375
912700.,-111.09375,912700.,-112.59375,912700.,-108.09375,912700.,-111.39375
913600.,-111.09375,913600.,-112.59375,913600.,-108.09375,913600.,-111.64375
914500.,-112.625,914500.,-112.625,914500.,-109.125,914500.,-112.025
915400.,-112.625,915400.,-112.625,915400.,-109.625,915400.,-111.725
916300.,-112.625,916300.,-112.625,916300.,-111.125,916300.,-112.175
917200.,-109.625,917200.,-112.625,917200.,-109.625,917200.,-111.575
918100.,-112.625,918100.,-112.625,918100.,-109.625,918100.,-112.475
919000.,-112.625,919000.,-112.625,919000.,-111.125,919000.,-112.475
919900.,-112.625,919900.,-112.625,919900.,-109.625,919900.,-112.475
920800.,-111.125,920800.,-112.625,920800.,-108.125,920800.,-111.875
921700.,-111.15625,921700.,-112.65625,921700.,-109.65625,921700.,-111.60625
922600.,-112.65625,922600.,-112.65625,922600.,-110.65625,922600.,-112.50625
923500.,-112.65625,923500.,-112.65625,923500.,-109.65625,923500.,-112.35625
924400.,-112.65625,924400.,-112.65625,924400.,-109.65625,924400.,-111.90625
925300.,-112.65625,925300.,-112.65625,925300.,-109.65625,925300.,-112.50625
926200.,-112.65625,926200.,-112.65625,926200.,-111.15625,926200.,-112.05625
927100.,-112.65625,927100.,-112.65625,927100.,-111.15625,927100.,-112.20625
928000.,-112.65625,928000.,-112.65625,928000.,-111.15625,928000.,-112.50625
928900.,-112.6875,928900.,-112.6875,928900.,-109.6875,928900.,-112.3875
929800.,-112.6875,929800.,-112.6875,929800.,-111.1875,929800.,-112.5375
930700.,-111.1875,930700.,-112.6875,930700.,-109.6875,930700.,-111.7875
931600.,-111.1875,931600.,-112.6875,931600.,-111.1875,931600.,-112.2375
932500.,-111.1875,932500.,-112.6875,932500.,-109.6875,932500.,-111.6375
933400.,-112.6875,933400.,-112.6875,933400.,-109.1875,933400.,-112.2375
934300.,-112.6875,934300.,-112.6875,934300.,-109.6875,934300.,-112.5375
935200.,-111.1875,935200.,-112.6875,935200.,-109.6875,935200.,-111.7875
936100.,-112.71875,936100.,-112.71875,936100.,-111.21875,936100.,-112.71875
937000.,-112.71875,937000.,-112.71875,937000.,-111.21875,937000.,-112.71875
937900.,-112.71875,937900.,-112.71875,937900.,-112.71875,937900.,-112.71875
938800.,-112.71875,938800.,-112.71875,938800.,-108.21875,938800.,-111.96875
939700.,-112.71875,939700.,-112.71875,939700.,-108.21875,939700.,-111.76875
940600.,-112.71875,940600.,-112.71875,940600.,-109.71875,940600.,-112.11875
941500.,-112.71875,941500.,-112.71875,941500.,-111.21875,941500.,-112.71875
942400.,-112.71875,942400.,-112.71875,942400.,-111.21875,942400.,-112.56875
943300.,-112.75,943300.,-112.75,943300.,-110.75,943300.,-112.4
944200.,-111.25,944200.,-112.75,944200.,-109.75,944200.,-112.3
945100.,-111.25,945100.,-112.75,945100.,-109.75,945100.,-112.15
946000.,-112.75,946000.,-112.75,946000.,-111.25,946000.,-112.6
946900.,-112.75,946900.,-112.75,946900.,-111.25,946900.,-112.6
947800.,-112.75,947800.,-112.75,947800.,-111.25,947800.,-112.75
948700.,-112.75,948700.,-112.75,948700.,-109.75,948700.,-112.15
949600.,-112.75,949600.,-112.75,949600.,-111.25,949600.,-112.6
950500.,-112.78125,950500.,-112.78125,950500.,-111.28125,950500.,-112.48125
951400.,-112.78125,951400.,-112.78125,951400.,-109.78125,951400.,-112.63125
952300.,-109.78125,952300.,-112.78125,952300.,-109.78125,952300.,-112.03125
953200.,-112.78125,953200.,-112.78125,953200.,-109.78125,953200.,-112.48125
954100.,-112.78125,954100.,-112.78125,954100.,-111.28125,954100.,-112.78125
955000.,-112.78125,955000.,-112.78125,955000.,-111.28125,955000.,-112.63125
955900.,-112.78125,955900.,-112.78125,955900.,-111.28125,955900.,-112.48125
956800.,-112.78125,956800.,-112.78125,956800.,-111.28125,956800.,-112.48125
957700.,-111.3125,957700.,-112.8125,957700.,-109.8125,957700.,-112.5125
958600.,-112.8125,958600.,-112.8125,958600.,-109.8125,958600.,-112.5125
959500.,-111.3125,959500.,-112.8125,959500.,-111.3125,959500.,-112.3625
960400.,-112.8125,960400.,-112.8125,960400.,-111.3125,960400.,-112.5125
961300.,-112.8125,961300.,-112.8125,961300.,-112.8125,961300.,-112.8125
962200.,-111.3125,962200.,-112.8125,962200.,-111.3125,962200.,-112.5125
963100.,-112.8125,963100.,-112.8125,963100.,-112.8125,963100.,-112.8125
964000.,-112.8125,964000.,-112.8125,964000.,-112.8125,964000.,-112.8125
964900.,-112.84375,964900.,-112.84375,964900.,-111.34375,964900.,-112.69375
965800.,-112.84375,965800.,-112.84375,965800.,-109.84375,965800.,-112.39375
966700.,-112.84375,966700.,-112.84375,966700.,-111.34375,966700.,-112.69375
967600.,-112.84375,967600.,-112.84375,967600.,-112.84375,967600.,-112.84375
968500.,-112.84375,968500.,-112.84375,968500.,-111.34375,968500.,-112.84375
969400.,-112.84375,969400.,-112.84375,969400.,-111.34375,969400.,-112.84375
970300.,-112.84375,970300.,-112.84375,970300.,-112.84375,970300.,-112.84375
971200.,-112.84375,971200.,-112.84375,971200.,-111.34375,971200.,-112.84375
972100.,-112.875,972100.,-112.875,972100.,-110.875,972100.,-112.725
973000.,-112.875,973000.,-112.875,973000.,-112.875,973000.,-112.875
973900.,-111.375,973900.,-112.875,973900.,-111.375,973900.,-112.575
974800.,-112.875,974800.,-112.875,974800.,-111.375,974800.,-112.575
975700.,-111.375,975700.,-112.875,975700.,-109.875,975700.,-112.425
976600.,-112.875,976600.,-112.875,976600.,-111.375,976600.,-112.875
977500.,-112.875,977500.,-112.875,977500.,-111.375,977500.,-112.575
978400.,-112.875,978400.,-112.875,978400.,-112.875,978400.,-112.875
979300.,-112.90625,979300.,-112.90625,979300.,-112.90625,979300.,-112.90625
980200.,-112.90625,980200.,-112.90625,980200.,-109.90625,980200.,-112.60625
981100.,-112.90625,981100.,-112.90625,981100.,-112.90625,981100.,-112.90625
982000.,-112.90625,982000.,-112.90625,982000.,-111.40625,982000.,-112.90625
982900.,-112.90625,982900.,-112.90625,982900.,-111.40625,982900.,-112.90625
983800.,-112.90625,983800.,-112.90625,983800.,-111.40625,983800.,-112.60625
984700.,-112.90625,984700.,-112.90625,984700.,-112.90625,984700.,-112.90625
985600.,-112.90625,985600.,-112.90625,985600.,-112.90625,985600.,-112.90625
986500.,-112.9375,986500.,-112.9375,986500.,-111.4375,986500.,-112.7875
987400.,-112.9375,987400.,-112.9375,987400.,-111.4375,987400.,-112.9375
988300.,-112.9375,988300.,-112.9375,988300.,-111.4375,988300.,-112.9375
989200.,-112.9375,989200.,-112.9375,989200.,-111.4375,989200.,-112.7875
990100.,-112.9375,990100.,-112.9375,990100.,-112.9375,990100.,-112.9375
991000.,-112.9375,991000.,-112.9375,991000.,-112.9375,991000.,-112.9375
991900.,-112.9375,991900.,-112.9375,991900.,-111.4375,991900.,-112.7875
992800.,-112.9375,992800.,-112.9375,992800.,-111.4375,992800.,-112.9375
993700.,-112.96875,993700.,-112.96875,993700.,-109.96875,993700.,-112.51875
994600.,-112.96875,994600.,-112.96875,994600.,-112.96875,994600.,-112.96875
995500.,-112.96875,995500.,-112.96875,995500.,-112.96875,995500.,-112.96875
996400.,-112.96875,996400.,-112.96875,996400.,-111.46875,996400.,-112.96875
997300.,-112.96875,997300.,-112.96875,997300.,-112.96875,997300.,-112.96875
998200.,-112.96875,998200.,-112.96875,998200.,-111.46875,998200.,-112.81875
999100.,-112.96875,999100.,-112.96875,999100.,-111.46875,999100.,-112.96875
1000000.,-112.96875,1000000.,-112.96875,1000000.,-112.96875,1000000.,-112.96875
